Codigo,Descripcion,Naturaleza,Nivel,SaldoInicial,Debitos,Creditos,SaldoActual,FechaPeriodo,SistemaOrigen
201-,INVERSIONES APTAS PARA LA REPRESENTACIÓN DE LAS,Deudora,1,4069830.75,12234925.46,13340155.24,2964600.97,31/01/2025,Profit Plus Contabilidad
201-01-,DISPONIBLE,Deudora,2,3720293.12,11653245.46,12937223.85,2436314.73,31/01/2025,Profit Plus Contabilidad
201-01-01-,CAJA  PRINCIPAL,Deudora,3,0,3746896.06,3746896.06,0,31/01/2025,Profit Plus Contabilidad
201-01-01-01-,CAJA  PRINCIPAL,Deudora,4,0,3746896.06,3746896.06,0,31/01/2025,Profit Plus Contabilidad
201-01-01-01-01-,CAJA  PRINCIPAL,Deudora,5,0,3746896.06,3746896.06,0,31/01/2025,Profit Plus Contabilidad
201-01-01-01-01-01,CAJA  PRINCIPAL,Deudora,6,0,3746896.06,3746896.06,0,31/01/2025,Profit Plus Contabilidad
201-01-03-,DEPOSITOS A LA VISTA,Deudora,3,3720293.12,7906349.4,9190327.79,2436314.73,31/01/2025,Profit Plus Contabilidad
201-01-03-01-,MONEDA NACIONAL,Deudora,4,334155.68,7459428.69,7745454.3,48130.07,31/01/2025,Profit Plus Contabilidad
201-01-03-01-01-,MONEDA NACIONAL,Deudora,5,334155.68,7459428.69,7745454.3,48130.07,31/01/2025,Profit Plus Contabilidad
201-01-03-01-01-03,BANCO MERCANTIL 0105-0028-1010-2825-0045,Deudora,6,1831.08,10339.72,10500,1670.8,31/01/2025,Profit Plus Contabilidad
201-01-03-01-01-04,BANCO VENEZUELA 0102-0278-7100-0005-5903,Deudora,6,229.44,0.5,0,229.94,31/01/2025,Profit Plus Contabilidad
201-01-03-01-01-06,BANCO BICENTENARIO,Deudora,6,10749.52,60.5,0,10810.02,31/01/2025,Profit Plus Contabilidad
201-01-03-01-01-13,BNC 8204 CTA CTE 01910098772198188204,Deudora,6,6952.87,2859468.9,2866421.77,0,31/01/2025,Profit Plus Contabilidad
201-01-03-01-01-14,BNC 0139 CTA CTE 01910098742198190139,Deudora,6,6940.07,471094.67,468278.52,9756.22,31/01/2025,Profit Plus Contabilidad
201-01-03-01-01-15,BNC 0145 CTA CTE 01910098792198190145,Deudora,6,68726.79,3766672.52,3810074.01,25325.3,31/01/2025,Profit Plus Contabilidad
201-01-03-01-01-16,BANCARIBE CTA CTE 0114-0165-19-1650263762,Deudora,6,238725.91,351791.88,590180,337.79,31/01/2025,Profit Plus Contabilidad
201-01-03-02-,MONEDA EXTRANJERA (BANCOS NACIONALES),Deudora,4,3386137.44,446920.71,1444873.49,2388184.66,31/01/2025,Profit Plus Contabilidad
201-01-03-02-01-,MONEDA EXTRANJERA (BANCOS NACIONALES),Deudora,5,3386137.44,446920.71,1444873.49,2388184.66,31/01/2025,Profit Plus Contabilidad
201-01-03-02-01-01,BNC9381 CTA EFECTIVO MONEDA EXTRANJERA (BANCOS,Deudora,6,2758447.28,446920.71,1375958.68,1829409.31,31/01/2025,Profit Plus Contabilidad
201-01-03-02-01-02,BANCARIBE CTA EFECTIVO MONEDA EXTRANJERA (BANC,Deudora,6,627690.16,0,68914.81,558775.35,31/01/2025,Profit Plus Contabilidad
201-02-,VALORES PUBLICOS,Deudora,2,349537.63,581680,402931.39,528286.24,31/01/2025,Profit Plus Contabilidad
201-02-01-,EMITIDOS O GARANTIZADOS POR LA REPÚBLICA,Deudora,3,349537.63,581680,402931.39,528286.24,31/01/2025,Profit Plus Contabilidad
201-02-01-01-,EMITIDOS O GARANTIZADOS POR LA REPÚBLICA,Deudora,4,349537.63,581680,402931.39,528286.24,31/01/2025,Profit Plus Contabilidad
201-02-01-01-01-,EMITIDOS O GARANTIZADOS POR LA REPÚBLICA,Deudora,5,349537.63,581680,402931.39,528286.24,31/01/2025,Profit Plus Contabilidad
201-02-01-01-01-01,VALORES PUBLICOS,Deudora,6,349537.63,581680,402931.39,528286.24,31/01/2025,Profit Plus Contabilidad
202-,GARANTIA A LA NACION,Deudora,1,4405423.03,0,0,4405423.03,31/01/2025,Profit Plus Contabilidad
202-01-,EFECTIVOS DEPOSITADOS EN BANCOS,Deudora,2,4405423.03,0,0,4405423.03,31/01/2025,Profit Plus Contabilidad
202-01-01-,EFECTIVOS DEPOSITADOS EN BANCOS,Deudora,3,4405423.03,0,0,4405423.03,31/01/2025,Profit Plus Contabilidad
202-01-01-01-,EFECTIVOS DEPOSITADOS EN BANCOS,Deudora,4,4405423.03,0,0,4405423.03,31/01/2025,Profit Plus Contabilidad
202-01-01-01-01-,EFECTIVOS DEPOSITADOS EN BANCOS,Deudora,5,4405423.03,0,0,4405423.03,31/01/2025,Profit Plus Contabilidad
202-01-01-01-01-01,GARANTIA A LA NACION,Deudora,6,4405423.03,0,0,4405423.03,31/01/2025,Profit Plus Contabilidad
203-,INVERSIONES NO APTAS PARA LA REPRESENTACION DE L,Deudora,1,96443295.49,11074292.37,21650148.75,85867439.11,31/01/2025,Profit Plus Contabilidad
203-04-,INMUEBLES,Deudora,2,11803635.8,0,0,11803635.8,31/01/2025,Profit Plus Contabilidad
203-04-02-,EDIFICACIONES,Deudora,3,11803635.8,0,0,11803635.8,31/01/2025,Profit Plus Contabilidad
203-04-02-01-,EDIFICACIONES,Deudora,4,11803635.8,0,0,11803635.8,31/01/2025,Profit Plus Contabilidad
203-04-02-01-01-,EDIFICACIONES,Deudora,5,11803635.8,0,0,11803635.8,31/01/2025,Profit Plus Contabilidad
203-04-02-01-01-01,BIENES INMUEBLES,Deudora,6,11803635.8,0,0,11803635.8,31/01/2025,Profit Plus Contabilidad
203-06-,INVERSIONES EN EL EXTRANJERO,Deudora,2,84615090.17,10756483.67,21419660.51,73951913.33,31/01/2025,Profit Plus Contabilidad
203-06-01-,BANCOS,Deudora,3,84615090.17,10756483.67,21419660.51,73951913.33,31/01/2025,Profit Plus Contabilidad
203-06-01-01-,BANCOS,Deudora,4,84615090.17,10756483.67,21419660.51,73951913.33,31/01/2025,Profit Plus Contabilidad
203-06-01-01-01-,BANCOS,Deudora,5,84615090.17,10756483.67,21419660.51,73951913.33,31/01/2025,Profit Plus Contabilidad
203-06-01-01-01-05,BANCARIBE INTERNACIONAL BANK,Deudora,6,8259983.34,2580602.09,3482285.31,7358300.12,31/01/2025,Profit Plus Contabilidad
203-06-01-01-01-06,AMERANT,Deudora,6,60184713.49,854765.38,11823578.09,49215900.78,31/01/2025,Profit Plus Contabilidad
203-06-01-01-01-07,BANESCO PANAMA,Deudora,6,13261686.93,7321116.2,5794446.94,14788356.19,31/01/2025,Profit Plus Contabilidad
203-06-01-01-01-08,BANCARIBE CURAZAO BANK,Deudora,6,2908706.41,0,319350.17,2589356.24,31/01/2025,Profit Plus Contabilidad
203-11-,DISPONIBLE,Deudora,2,24569.52,317808.7,230488.24,111889.98,31/01/2025,Profit Plus Contabilidad
203-11-02-,CAJA CHICA,Deudora,3,24569.52,317808.7,230488.24,111889.98,31/01/2025,Profit Plus Contabilidad
203-11-02-01-,CAJA CHICA,Deudora,4,24569.52,317808.7,230488.24,111889.98,31/01/2025,Profit Plus Contabilidad
203-11-02-01-01-,CAJA CHICA,Deudora,5,24569.52,317808.7,230488.24,111889.98,31/01/2025,Profit Plus Contabilidad
203-11-02-01-01-01,CAJA CHICA,Deudora,6,24569.52,317808.7,230488.24,111889.98,31/01/2025,Profit Plus Contabilidad
204-,ACTIVOS DEPRECIABLES Y AMORTIZABLES,Deudora,1,1052561.45,0,0,1052561.45,31/01/2025,Profit Plus Contabilidad
204-01-,MOBILIARIO,Deudora,2,65448.44,0,0,65448.44,31/01/2025,Profit Plus Contabilidad
204-01-01-,MOBILIARIO,Deudora,3,65448.44,0,0,65448.44,31/01/2025,Profit Plus Contabilidad
204-01-01-01-,MOBILIARIO,Deudora,4,65448.44,0,0,65448.44,31/01/2025,Profit Plus Contabilidad
204-01-01-01-01-,MOBILIARIO,Deudora,5,65448.44,0,0,65448.44,31/01/2025,Profit Plus Contabilidad
204-01-01-01-01-01,MOBILIARIO,Deudora,6,65448.44,0,0,65448.44,31/01/2025,Profit Plus Contabilidad
204-02-,EQUIPOS DE OFICINA,Deudora,2,28603.6,0,0,28603.6,31/01/2025,Profit Plus Contabilidad
204-02-01-,EQUIPOS DE OFICINA,Deudora,3,28603.6,0,0,28603.6,31/01/2025,Profit Plus Contabilidad
204-02-01-01-,EQUIPOS DE OFICINA,Deudora,4,28603.6,0,0,28603.6,31/01/2025,Profit Plus Contabilidad
204-02-01-01-01-,EQUIPOS DE OFICINA,Deudora,5,28603.6,0,0,28603.6,31/01/2025,Profit Plus Contabilidad
204-02-01-01-01-01,EQUIPOS DE OFICINA,Deudora,6,28603.6,0,0,28603.6,31/01/2025,Profit Plus Contabilidad
204-03-,EQUIPO COMPUTACION,Deudora,2,958509.41,0,0,958509.41,31/01/2025,Profit Plus Contabilidad
204-03-01-,EQUIPO COMPUTACION,Deudora,3,958509.41,0,0,958509.41,31/01/2025,Profit Plus Contabilidad
204-03-01-01-,EQUIPO COMPUTACION,Deudora,4,958509.41,0,0,958509.41,31/01/2025,Profit Plus Contabilidad
204-03-01-01-01-,EQUIPO COMPUTACION,Deudora,5,958509.41,0,0,958509.41,31/01/2025,Profit Plus Contabilidad
204-03-01-01-01-01,EQUIPO COMPUTACION,Deudora,6,958509.41,0,0,958509.41,31/01/2025,Profit Plus Contabilidad
205-,CUENTAS DEUDORAS POR REASEGUROS,Deudora,1,66374541.52,116194412.5,139184368.2,43384585.77,31/01/2025,Profit Plus Contabilidad
205-01-,CUENTAS CORRIENTES CON REASEGURADAS,Deudora,2,1269532.75,15011679.87,15067653.35,1213559.27,31/01/2025,Profit Plus Contabilidad
205-01-01-,DEL PAIS,Deudora,3,1269532.75,15011679.87,15067653.35,1213559.27,31/01/2025,Profit Plus Contabilidad
205-01-01-01-,DEL PAIS,Deudora,4,1269532.75,15011679.87,15067653.35,1213559.27,31/01/2025,Profit Plus Contabilidad
205-01-01-01-01-,DEL PAIS,Deudora,5,1269532.75,15011679.87,15067653.35,1213559.27,31/01/2025,Profit Plus Contabilidad
205-01-01-01-01-01,FACULTATIVO,Deudora,6,1269532.75,0,55973.48,1213559.27,31/01/2025,Profit Plus Contabilidad
205-01-01-01-01-03,CONTRATO,Deudora,6,0,15011679.87,15011679.87,0,31/01/2025,Profit Plus Contabilidad
205-02-,CUENTAS CORRIENTES C/RETROCESIONARIOS,Deudora,2,0,2239508.86,2239508.86,0,31/01/2025,Profit Plus Contabilidad
205-02-01-,DEL PAIS,Deudora,3,0,2239508.86,2239508.86,0,31/01/2025,Profit Plus Contabilidad
205-02-01-01-,DEL PAIS,Deudora,4,0,2239508.86,2239508.86,0,31/01/2025,Profit Plus Contabilidad
205-02-01-01-01-,DEL PAIS,Deudora,5,0,2239508.86,2239508.86,0,31/01/2025,Profit Plus Contabilidad
205-02-01-01-01-01,FACULTATIVO,Deudora,6,0,2239508.86,2239508.86,0,31/01/2025,Profit Plus Contabilidad
205-03-,CUENTAS CORRIENTES CON INTERMEDIARIOS,Deudora,2,36058812.88,73223102.27,94043345.47,15238569.68,31/01/2025,Profit Plus Contabilidad
205-03-01-,DEL PAIS,Deudora,3,36058812.88,65453906.53,86274149.73,15238569.68,31/01/2025,Profit Plus Contabilidad
205-03-01-01-,DEL PAIS,Deudora,4,36058812.88,65453906.53,86274149.73,15238569.68,31/01/2025,Profit Plus Contabilidad
205-03-01-01-01-,DEL PAIS,Deudora,5,36058812.88,65453906.53,86274149.73,15238569.68,31/01/2025,Profit Plus Contabilidad
205-03-01-01-01-03,CONTRATO,Deudora,6,22151074.38,46913161.88,66206473.26,2857763,31/01/2025,Profit Plus Contabilidad
205-03-01-01-01-04,CONTRATO NO PROPORCIONAL,Deudora,6,13907738.5,18540744.65,20067676.47,12380806.68,31/01/2025,Profit Plus Contabilidad
205-03-02-,DEL EXTRANJERO,Deudora,3,0,7769195.74,7769195.74,0,31/01/2025,Profit Plus Contabilidad
205-03-02-01-,DEL EXTRANJERO,Deudora,4,0,7769195.74,7769195.74,0,31/01/2025,Profit Plus Contabilidad
205-03-02-01-01-,DEL EXTRANJERO,Deudora,5,0,7769195.74,7769195.74,0,31/01/2025,Profit Plus Contabilidad
205-03-02-01-01-04,CONTRATO NO PROPORCIONAL,Deudora,6,0,7769195.74,7769195.74,0,31/01/2025,Profit Plus Contabilidad
205-04-,RESERVA DE PRIMAS A/C RETROCESIONARIOS,Deudora,2,27087260.35,25720121.49,27087226.42,25720155.42,31/01/2025,Profit Plus Contabilidad
205-04-02-,TRANSPORTE,Deudora,3,1551577.14,1102272.44,1551558.02,1102291.56,31/01/2025,Profit Plus Contabilidad
205-04-02-01-,TRANSPORTE,Deudora,4,1551577.14,1102272.44,1551558.02,1102291.56,31/01/2025,Profit Plus Contabilidad
205-04-02-01-01-,TRANSPORTE,Deudora,5,1551577.14,1102272.44,1551558.02,1102291.56,31/01/2025,Profit Plus Contabilidad
205-04-02-01-01-01,FACULTATIVO,Deudora,6,399325.89,537683.44,399343.78,537665.55,31/01/2025,Profit Plus Contabilidad
205-04-02-01-01-03,CONTRATO,Deudora,6,1152251.25,564589,1152214.24,564626.01,31/01/2025,Profit Plus Contabilidad
205-04-03-,INCENDIO.,Deudora,3,20323043.76,19328916.87,20323127.34,19328833.29,31/01/2025,Profit Plus Contabilidad
205-04-03-01-,INCENDIO.,Deudora,4,20323043.76,19328916.87,20323127.34,19328833.29,31/01/2025,Profit Plus Contabilidad
205-04-03-01-01-,INCENDIO.,Deudora,5,20323043.76,19328916.87,20323127.34,19328833.29,31/01/2025,Profit Plus Contabilidad
205-04-03-01-01-01,FACULTATIVO,Deudora,6,19849899.74,18757715.36,19850020.11,18757594.99,31/01/2025,Profit Plus Contabilidad
205-04-03-01-01-03,CONTRATO,Deudora,6,473144.02,571201.51,473107.23,571238.3,31/01/2025,Profit Plus Contabilidad
205-04-04-,ACCIDENTES Y DIVERSOS.,Deudora,3,4861656.85,4898813.41,4861552.16,4898918.1,31/01/2025,Profit Plus Contabilidad
205-04-04-01-,ACCIDENTES Y DIVERSOS.,Deudora,4,4861656.85,4898813.41,4861552.16,4898918.1,31/01/2025,Profit Plus Contabilidad
205-04-04-01-01-,ACCIDENTES Y DIVERSOS.,Deudora,5,4861656.85,4898813.41,4861552.16,4898918.1,31/01/2025,Profit Plus Contabilidad
205-04-04-01-01-01,FACULTATIVO,Deudora,6,3469840.71,3351297.28,3469836.03,3351301.96,31/01/2025,Profit Plus Contabilidad
205-04-04-01-01-03,CONTRATO,Deudora,6,591892.41,581238.83,591854.14,581277.1,31/01/2025,Profit Plus Contabilidad
205-04-04-01-01-04,CONTRATO NO PROPORCIONAL,Deudora,6,799861.99,966339.04,966277.3,799923.73,31/01/2025,Profit Plus Contabilidad
205-04-05-,FIANZAS.,Deudora,3,350982.6,390118.77,350988.9,390112.47,31/01/2025,Profit Plus Contabilidad
205-04-05-01-,FIANZAS.,Deudora,4,350982.6,390118.77,350988.9,390112.47,31/01/2025,Profit Plus Contabilidad
205-04-05-01-01-,FIANZAS.,Deudora,5,350982.6,390118.77,350988.9,390112.47,31/01/2025,Profit Plus Contabilidad
205-04-05-01-01-01,FACULTATIVO,Deudora,6,343564.32,378736.96,343571.56,378729.72,31/01/2025,Profit Plus Contabilidad
205-04-05-01-01-03,CONTRATO,Deudora,6,7418.28,11381.81,7417.34,11382.75,31/01/2025,Profit Plus Contabilidad
205-05-,RESERVAS PARA PRESTACIONES Y SINIESTRO S PENDIENT,Deudora,2,1958935.54,0,746634.14,1212301.4,31/01/2025,Profit Plus Contabilidad
205-05-03-,INCENDIO.,Deudora,3,1939019.09,0,737454.4,1201564.69,31/01/2025,Profit Plus Contabilidad
205-05-03-01-,INCENDIO.,Deudora,4,1939019.09,0,737454.4,1201564.69,31/01/2025,Profit Plus Contabilidad
205-05-03-01-01-,INCENDIO.,Deudora,5,1939019.09,0,737454.4,1201564.69,31/01/2025,Profit Plus Contabilidad
205-05-03-01-01-01,FACULTATIVO,Deudora,6,1939019.09,0,737454.4,1201564.69,31/01/2025,Profit Plus Contabilidad
205-05-04-,ACCIDENTES Y DIVERSOS.,Deudora,3,19916.45,0,9179.74,10736.71,31/01/2025,Profit Plus Contabilidad
205-05-04-01-,ACCIDENTES Y DIVERSOS.,Deudora,4,19916.45,0,9179.74,10736.71,31/01/2025,Profit Plus Contabilidad
205-05-04-01-01-,ACCIDENTES Y DIVERSOS.,Deudora,5,19916.45,0,9179.74,10736.71,31/01/2025,Profit Plus Contabilidad
205-05-04-01-01-01,FACULTATIVO,Deudora,6,19916.45,0,9179.74,10736.71,31/01/2025,Profit Plus Contabilidad
206-,CUENTAS DEUDORAS DIVERSAS,Deudora,1,482305,942542.27,925372.45,499474.82,31/01/2025,Profit Plus Contabilidad
206-01-,CUENTAS CORRIENTES,Deudora,2,21037.73,52089.7,55360.85,17766.58,31/01/2025,Profit Plus Contabilidad
206-01-01-,CUENTAS CORRIENTES,Deudora,3,21037.73,52089.7,55360.85,17766.58,31/01/2025,Profit Plus Contabilidad
206-01-01-01-,CUENTAS CORRIENTES,Deudora,4,21037.73,52089.7,55360.85,17766.58,31/01/2025,Profit Plus Contabilidad
206-01-01-01-01-,CUENTAS CORRIENTES,Deudora,5,21037.73,52089.7,55360.85,17766.58,31/01/2025,Profit Plus Contabilidad
206-01-01-01-01-01,CUENTAS DEUDORAS DIVERSAS,Deudora,6,1251.52,0,0,1251.52,31/01/2025,Profit Plus Contabilidad
206-01-01-01-01-15,ANTICIPOS PROVEEDORES,Deudora,6,19786.21,52089.7,55360.85,16515.06,31/01/2025,Profit Plus Contabilidad
206-02-,PRESTAMOS A EMPLEADOS,Deudora,2,461267.27,890452.57,870011.6,481708.24,31/01/2025,Profit Plus Contabilidad
206-02-01-,PRESTAMOS A EMPLEADOS,Deudora,3,461267.27,890452.57,870011.6,481708.24,31/01/2025,Profit Plus Contabilidad
206-02-01-01-,PRESTAMOS A EMPLEADOS,Deudora,4,461267.27,890452.57,870011.6,481708.24,31/01/2025,Profit Plus Contabilidad
206-02-01-01-01-,PRESTAMOS A EMPLEADOS,Deudora,5,461267.27,890452.57,870011.6,481708.24,31/01/2025,Profit Plus Contabilidad
206-02-01-01-01-01,PRESTAMOS A EMPLEADOS,Deudora,6,461267.27,890452.57,870011.6,481708.24,31/01/2025,Profit Plus Contabilidad
207-,BENEFICIOS DEVENGADOS POR COBRAR,Deudora,1,422.76,16000,1829.34,14593.42,31/01/2025,Profit Plus Contabilidad
207-01-,INTERESES,Deudora,2,422.76,16000,1829.34,14593.42,31/01/2025,Profit Plus Contabilidad
207-01-04-,VALORES PUBLICOS,Deudora,3,422.76,16000,1829.34,14593.42,31/01/2025,Profit Plus Contabilidad
207-01-04-01-,VALORES PUBLICOS,Deudora,4,422.76,16000,1829.34,14593.42,31/01/2025,Profit Plus Contabilidad
207-01-04-01-01-,VALORES PUBLICOS,Deudora,5,422.76,16000,1829.34,14593.42,31/01/2025,Profit Plus Contabilidad
207-01-04-01-01-01,VALORES PUBLICOS,Deudora,6,422.76,16000,1829.34,14593.42,31/01/2025,Profit Plus Contabilidad
208-,ACTIVOS TRANSITORIOS,Deudora,1,923035.54,1658250.54,1700315.97,880970.11,31/01/2025,Profit Plus Contabilidad
208-01-,CARGOS DIFERIDOS DE REASEGURO ACEPTADO,Deudora,2,1177.25,1402804.81,1402804.81,1177.25,31/01/2025,Profit Plus Contabilidad
208-01-01-,AJUSTE PROVISIONAL DE RESERVAS,Deudora,3,1177.25,1402804.81,1402804.81,1177.25,31/01/2025,Profit Plus Contabilidad
208-01-01-01-,AJUSTE PROVISIONAL DE RESERVAS,Deudora,4,1177.25,1402804.81,1402804.81,1177.25,31/01/2025,Profit Plus Contabilidad
208-01-01-01-01-,AJUSTE PROVISIONAL DE RESERVAS,Deudora,5,1177.25,1402804.81,1402804.81,1177.25,31/01/2025,Profit Plus Contabilidad
208-01-01-01-01-02,CARGOS DIFERIDOS P/REASEGURO,Deudora,6,1177.25,1402804.81,1402804.81,1177.25,31/01/2025,Profit Plus Contabilidad
208-02-,OTROS CARGOS DIFERIDOS,Deudora,2,921858.29,255445.73,297511.16,879792.86,31/01/2025,Profit Plus Contabilidad
208-02-03-,GASTOS ANTICIPADOS,Deudora,3,703767.46,255445.73,237484.5,721728.69,31/01/2025,Profit Plus Contabilidad
208-02-03-02-,OTROS,Deudora,4,703767.46,255445.73,237484.5,721728.69,31/01/2025,Profit Plus Contabilidad
208-02-03-02-01-,OTROS,Deudora,5,703767.46,255445.73,237484.5,721728.69,31/01/2025,Profit Plus Contabilidad
208-02-03-02-01-01,OTROS GASTOS PAGADOS POR ANTICIPADO,Deudora,6,703767.46,255445.73,237484.5,721728.69,31/01/2025,Profit Plus Contabilidad
208-02-04-,IMPUESTOS PAGADOS POR ANTICIPADO,Deudora,3,218090.83,0,60026.66,158064.17,31/01/2025,Profit Plus Contabilidad
208-02-04-01-,IMPUESTOS PAGADOS POR ANTICIPADO,Deudora,4,218090.83,0,60026.66,158064.17,31/01/2025,Profit Plus Contabilidad
208-02-04-01-01-,IMPUESTOS PAGADOS POR ANTICIPADO,Deudora,5,218090.83,0,60026.66,158064.17,31/01/2025,Profit Plus Contabilidad
208-02-04-01-01-01,IMPUESTOS PAGADOS POR ANTICIPADO,Deudora,6,218090.83,0,60026.66,158064.17,31/01/2025,Profit Plus Contabilidad
214-,CUENTAS DE ORDEN,Deudora,1,51426146.18,106060242.1,108613982.5,48872405.74,31/01/2025,Profit Plus Contabilidad
214-01-,PRIMAS EMITIDAS AL COBRO,Deudora,2,51426146.18,106060242.1,108613982.5,48872405.74,31/01/2025,Profit Plus Contabilidad
214-01-01-,PRIMAS EMITIDAS AL COBRO,Deudora,3,51426146.18,106060242.1,108613982.5,48872405.74,31/01/2025,Profit Plus Contabilidad
214-01-01-01-,PRIMAS EMITIDAS AL COBRO,Deudora,4,51426146.18,106060242.1,108613982.5,48872405.74,31/01/2025,Profit Plus Contabilidad
214-01-01-01-01-,PRIMAS EMITIDAS AL COBRO,Deudora,5,51426146.18,106060242.1,108613982.5,48872405.74,31/01/2025,Profit Plus Contabilidad
214-01-01-01-01-01,PRIMAS EMITIDAS AL COBRO FACULTATIVO,Deudora,6,12174410.63,58955185.23,67260472.69,3869123.17,31/01/2025,Profit Plus Contabilidad
214-01-01-01-01-02,NEGOCIOS ACEPTADOS,Deudora,6,39251735.55,45003282.57,39251735.55,45003282.57,31/01/2025,Profit Plus Contabilidad
214-01-01-01-01-03,PRIMAS EMITIDAS AL COBRO CONTRATO,Deudora,6,0,2101774.25,2101774.25,0,31/01/2025,Profit Plus Contabilidad
301-,PRESTACIONES Y SINIESTROS PAGADOS,Acreedora,1,8562981.83,4097902.16,4851552.67,7809331.32,31/01/2025,Profit Plus Contabilidad
301-01-,PRESTACIONES PAGADAS,Acreedora,2,0,1373237.64,1373237.64,0,31/01/2025,Profit Plus Contabilidad
301-01-02-,NEGOCIOS EXTRANJEROS,Acreedora,3,0,21450.6,21450.6,0,31/01/2025,Profit Plus Contabilidad
301-01-02-01-,VIDA,Acreedora,4,0,21450.6,21450.6,0,31/01/2025,Profit Plus Contabilidad
301-01-02-01-01-,TRANSPORTE,Acreedora,5,0,21450.6,21450.6,0,31/01/2025,Profit Plus Contabilidad
301-01-02-01-01-03,CONTRATO,Acreedora,6,0,21450.6,21450.6,0,31/01/2025,Profit Plus Contabilidad
301-01-03-,INCENDIO,Acreedora,3,0,1351787.04,1351787.04,0,31/01/2025,Profit Plus Contabilidad
301-01-03-01-,INCENDIO,Acreedora,4,0,1351787.04,1351787.04,0,31/01/2025,Profit Plus Contabilidad
301-01-03-01-01-,INCENDIO,Acreedora,5,0,1351787.04,1351787.04,0,31/01/2025,Profit Plus Contabilidad
301-01-03-01-01-01,FACULTATIVO,Acreedora,6,0,1239174.26,1239174.26,0,31/01/2025,Profit Plus Contabilidad
301-01-03-01-01-03,CONTRATO,Acreedora,6,0,112612.78,112612.78,0,31/01/2025,Profit Plus Contabilidad
301-02-,SINIESTROS PAGADOS,Acreedora,2,8562981.83,2724664.52,3478315.03,7809331.32,31/01/2025,Profit Plus Contabilidad
301-02-01-,NEGOCIOS NACIONALES,Acreedora,3,8562981.83,0,3478315.03,5084666.8,31/01/2025,Profit Plus Contabilidad
301-02-01-02-,TRANSPORTE,Acreedora,4,78248.76,0,33038.78,45209.98,31/01/2025,Profit Plus Contabilidad
301-02-01-02-01-,TRANSPORTE,Acreedora,5,78248.76,0,33038.78,45209.98,31/01/2025,Profit Plus Contabilidad
301-02-01-02-01-01,FACULTATIVO,Acreedora,6,66660.58,0,21450.6,45209.98,31/01/2025,Profit Plus Contabilidad
301-02-01-02-01-03,CONTRATO NO PROPORCIONAL,Acreedora,6,11588.18,0,11588.18,0,31/01/2025,Profit Plus Contabilidad
301-02-01-03-,INCENDIO,Acreedora,4,6452431.21,0,2659300.96,3793130.25,31/01/2025,Profit Plus Contabilidad
301-02-01-03-01-,INCENDIO,Acreedora,5,6452431.21,0,2659300.96,3793130.25,31/01/2025,Profit Plus Contabilidad
301-02-01-03-01-01,FACULTATIVO,Acreedora,6,4505281.2,0,1461323.86,3043957.34,31/01/2025,Profit Plus Contabilidad
301-02-01-03-01-03,CONTRATO PROPORCIONAL,Acreedora,6,1947150.01,0,1197977.1,749172.91,31/01/2025,Profit Plus Contabilidad
301-02-01-04-,ACCIDENTES Y DIVERSOS,Acreedora,4,2032301.86,0,785975.29,1246326.57,31/01/2025,Profit Plus Contabilidad
301-02-01-04-01-,ACCIDENTES Y DIVERSOS,Acreedora,5,2032301.86,0,785975.29,1246326.57,31/01/2025,Profit Plus Contabilidad
301-02-01-04-01-01,FACULTATIVO,Acreedora,6,403226.14,0,0,403226.14,31/01/2025,Profit Plus Contabilidad
301-02-01-04-01-03,CONTRATO PROPORCIONAL,Acreedora,6,1629075.72,0,785975.29,843100.43,31/01/2025,Profit Plus Contabilidad
301-02-02-,NEGOCIOS EXTRANJEROS,Acreedora,3,0,11588.18,0,11588.18,31/01/2025,Profit Plus Contabilidad
301-02-02-01-,VIDA,Acreedora,4,0,11588.18,0,11588.18,31/01/2025,Profit Plus Contabilidad
301-02-02-01-01-,TRANSPORTE,Acreedora,5,0,11588.18,0,11588.18,31/01/2025,Profit Plus Contabilidad
301-02-02-01-01-03,CONTRATO,Acreedora,6,0,11588.18,0,11588.18,31/01/2025,Profit Plus Contabilidad
301-02-03-,INCENDIO,Acreedora,3,0,1927101.05,0,1927101.05,31/01/2025,Profit Plus Contabilidad
301-02-03-01-,INCENDIO,Acreedora,4,0,1927101.05,0,1927101.05,31/01/2025,Profit Plus Contabilidad
301-02-03-01-01-,INCENDIO,Acreedora,5,0,1927101.05,0,1927101.05,31/01/2025,Profit Plus Contabilidad
301-02-03-01-01-01,FACULTATIVO,Acreedora,6,0,841736.73,0,841736.73,31/01/2025,Profit Plus Contabilidad
301-02-03-01-01-03,CONTRATO,Acreedora,6,0,1085364.32,0,1085364.32,31/01/2025,Profit Plus Contabilidad
301-02-04-,ACCIDENTES Y DIVERSOS,Acreedora,3,0,785975.29,0,785975.29,31/01/2025,Profit Plus Contabilidad
301-02-04-01-,ACCIDENTES Y DIVERSOS,Acreedora,4,0,785975.29,0,785975.29,31/01/2025,Profit Plus Contabilidad
301-02-04-01-01-,ACCIDENTES Y DIVERSOS,Acreedora,5,0,785975.29,0,785975.29,31/01/2025,Profit Plus Contabilidad
301-02-04-01-01-03,CONTRATO,Acreedora,6,0,785975.29,0,785975.29,31/01/2025,Profit Plus Contabilidad
302-,GASTOS DE ADQUISICION,Acreedora,1,18371719.06,0,3685391.98,14686327.08,31/01/2025,Profit Plus Contabilidad
302-01-,COMISIONES,Acreedora,2,14739023.23,0,3088396.14,11650627.09,31/01/2025,Profit Plus Contabilidad
302-01-01-,NEGOCIOS NACIONALES,Acreedora,3,14739023.23,0,3088396.14,11650627.09,31/01/2025,Profit Plus Contabilidad
302-01-01-02-,TRANSPORTE,Acreedora,4,3420656.54,0,1207256.39,2213400.15,31/01/2025,Profit Plus Contabilidad
302-01-01-02-01-,TRANSPORTE,Acreedora,5,3420656.54,0,1207256.39,2213400.15,31/01/2025,Profit Plus Contabilidad
302-01-01-02-01-01,FACULTATIVO,Acreedora,6,411754.14,0,25177.35,386576.79,31/01/2025,Profit Plus Contabilidad
302-01-01-02-01-03,CONTRATO,Acreedora,6,3008902.4,0,1182079.04,1826823.36,31/01/2025,Profit Plus Contabilidad
302-01-01-03-,INCENDIO,Acreedora,4,8348870.45,0,1605327.78,6743542.67,31/01/2025,Profit Plus Contabilidad
302-01-01-03-01-,INCENDIO,Acreedora,5,8348870.45,0,1605327.78,6743542.67,31/01/2025,Profit Plus Contabilidad
302-01-01-03-01-01,FACULTATIVO,Acreedora,6,4362048.04,0,1439635.59,2922412.45,31/01/2025,Profit Plus Contabilidad
302-01-01-03-01-03,CONTRATO,Acreedora,6,3986822.41,0,165692.19,3821130.22,31/01/2025,Profit Plus Contabilidad
302-01-01-04-,ACCIDENTES Y DIVERSOS,Acreedora,4,2719872.88,0,275811.97,2444060.91,31/01/2025,Profit Plus Contabilidad
302-01-01-04-01-,ACCIDENTES Y DIVERSOS,Acreedora,5,2719872.88,0,275811.97,2444060.91,31/01/2025,Profit Plus Contabilidad
302-01-01-04-01-01,FACULTATIVO,Acreedora,6,913365.44,0,86450.29,826915.15,31/01/2025,Profit Plus Contabilidad
302-01-01-04-01-03,CONTRATO,Acreedora,6,1806507.44,0,189361.68,1617145.76,31/01/2025,Profit Plus Contabilidad
302-01-01-05-,FIANZAS,Acreedora,4,249623.36,0,0,249623.36,31/01/2025,Profit Plus Contabilidad
302-01-01-05-01-,FIANZAS,Acreedora,5,249623.36,0,0,249623.36,31/01/2025,Profit Plus Contabilidad
302-01-01-05-01-01,FACULTATIVO,Acreedora,6,197004.3,0,0,197004.3,31/01/2025,Profit Plus Contabilidad
302-01-01-05-01-03,CONTRATO,Acreedora,6,52619.06,0,0,52619.06,31/01/2025,Profit Plus Contabilidad
302-02-,CORRETAJE DE INTERMEDIARIOS.,Acreedora,2,661521.86,0,0,661521.86,31/01/2025,Profit Plus Contabilidad
302-02-01-,NEGOCIOS NACIONALES,Acreedora,3,661521.86,0,0,661521.86,31/01/2025,Profit Plus Contabilidad
302-02-01-02-,TRANSPORTE,Acreedora,4,4191.91,0,0,4191.91,31/01/2025,Profit Plus Contabilidad
302-02-01-02-01-,TRANSPORTE,Acreedora,5,4191.91,0,0,4191.91,31/01/2025,Profit Plus Contabilidad
302-02-01-02-01-03,CONTRATO,Acreedora,6,4191.91,0,0,4191.91,31/01/2025,Profit Plus Contabilidad
302-02-01-03-,INCENDIO,Acreedora,4,109812.01,0,0,109812.01,31/01/2025,Profit Plus Contabilidad
302-02-01-03-01-,INCENDIO,Acreedora,5,109812.01,0,0,109812.01,31/01/2025,Profit Plus Contabilidad
302-02-01-03-01-03,CONTRATO,Acreedora,6,109812.01,0,0,109812.01,31/01/2025,Profit Plus Contabilidad
302-02-01-04-,ACCIDENTES Y DIVERSOS,Acreedora,4,547517.94,0,0,547517.94,31/01/2025,Profit Plus Contabilidad
302-02-01-04-01-,ACCIDENTES Y DIVERSOS,Acreedora,5,547517.94,0,0,547517.94,31/01/2025,Profit Plus Contabilidad
302-02-01-04-01-03,CONTRATO,Acreedora,6,13427.8,0,0,13427.8,31/01/2025,Profit Plus Contabilidad
302-02-01-04-01-04,CONTRATO NO PROPORCIONAL,Acreedora,6,534090.14,0,0,534090.14,31/01/2025,Profit Plus Contabilidad
302-03-,IMPUESTOS,Acreedora,2,2856441.4,0,596995.84,2259445.56,31/01/2025,Profit Plus Contabilidad
302-03-01-,NEGOCIOS NACIONALES,Acreedora,3,2856441.4,0,596995.84,2259445.56,31/01/2025,Profit Plus Contabilidad
302-03-01-02-,TRANSPORTE,Acreedora,4,645091.43,0,223594.86,421496.57,31/01/2025,Profit Plus Contabilidad
302-03-01-02-01-,IMPUESTOS MUNICIPALES,Acreedora,5,573274.32,0,219106.49,354167.83,31/01/2025,Profit Plus Contabilidad
302-03-01-02-01-01,FACULTATIVO,Acreedora,6,53156.43,0,2693.23,50463.2,31/01/2025,Profit Plus Contabilidad
302-03-01-02-01-03,CONTRATO,Acreedora,6,520117.89,0,216413.26,303704.63,31/01/2025,Profit Plus Contabilidad
302-03-01-02-02-,APORTE A LA SUPERINTENDENCIA,Acreedora,5,71817.11,0,4488.37,67328.74,31/01/2025,Profit Plus Contabilidad
302-03-01-02-02-01,FACULTATIVO,Acreedora,6,71817.11,0,4488.37,67328.74,31/01/2025,Profit Plus Contabilidad
302-03-01-03-,INCENDIO,Acreedora,4,1411110.78,0,309979.43,1101131.35,31/01/2025,Profit Plus Contabilidad
302-03-01-03-01-,IMPUESTOS MUNICIPALES,Acreedora,5,928033.16,0,137754.05,790279.11,31/01/2025,Profit Plus Contabilidad
302-03-01-03-01-01,FACULTATIVO,Acreedora,6,343508.89,0,107867.3,235641.59,31/01/2025,Profit Plus Contabilidad
302-03-01-03-01-03,CONTRATO,Acreedora,6,584524.27,0,29886.75,554637.52,31/01/2025,Profit Plus Contabilidad
302-03-01-03-02-,APORTE A LA SUPERINTENDENCIA,Acreedora,5,483077.62,0,172225.38,310852.24,31/01/2025,Profit Plus Contabilidad
302-03-01-03-02-01,FACULTATIVO,Acreedora,6,483077.62,0,172225.38,310852.24,31/01/2025,Profit Plus Contabilidad
302-03-01-04-,ACCIDENTES Y DIVERSOS,Acreedora,4,758023.63,0,63421.55,694602.08,31/01/2025,Profit Plus Contabilidad
302-03-01-04-01-,IMPUESTOS MUNICIPALES,Acreedora,5,491052.51,0,45468.33,445584.18,31/01/2025,Profit Plus Contabilidad
302-03-01-04-01-01,FACULTATIVO,Acreedora,6,86918.84,0,10777.88,76140.96,31/01/2025,Profit Plus Contabilidad
302-03-01-04-01-03,CONTRATO,Acreedora,6,297199.7,0,34690.45,262509.25,31/01/2025,Profit Plus Contabilidad
302-03-01-04-01-04,CONTRATO NO PROPORCIONAL,Acreedora,6,106933.97,0,0,106933.97,31/01/2025,Profit Plus Contabilidad
302-03-01-04-02-,APORTE A LA SUPERINTENDENCIA,Acreedora,5,266971.12,0,17953.22,249017.9,31/01/2025,Profit Plus Contabilidad
302-03-01-04-02-01,FACULTATIVO,Acreedora,6,126297.49,0,17953.22,108344.27,31/01/2025,Profit Plus Contabilidad
302-03-01-04-02-04,CONTRATO NO PROPORCIONAL,Acreedora,6,140673.63,0,0,140673.63,31/01/2025,Profit Plus Contabilidad
302-03-01-05-,FIANZAS.,Acreedora,4,42215.56,0,0,42215.56,31/01/2025,Profit Plus Contabilidad
302-03-01-05-01-,IMPUESTOS MUNICIPALES,Acreedora,5,19608.22,0,0,19608.22,31/01/2025,Profit Plus Contabilidad
302-03-01-05-01-01,FACULTATIVO,Acreedora,6,13563.8,0,0,13563.8,31/01/2025,Profit Plus Contabilidad
302-03-01-05-01-03,CONTRATO,Acreedora,6,6044.42,0,0,6044.42,31/01/2025,Profit Plus Contabilidad
302-03-01-05-02-,APORTE A LA SUPERINTENDENCIA,Acreedora,5,22607.34,0,0,22607.34,31/01/2025,Profit Plus Contabilidad
302-03-01-05-02-01,FACULTATIVO,Acreedora,6,22607.34,0,0,22607.34,31/01/2025,Profit Plus Contabilidad
302-04-,PARTICIPACION DE CEDENTES EN UTILIDADES.,Acreedora,2,114732.57,0,0,114732.57,31/01/2025,Profit Plus Contabilidad
302-04-01-,NEGOCIOS NACIONALES,Acreedora,3,114732.57,0,0,114732.57,31/01/2025,Profit Plus Contabilidad
302-04-01-02-,TRANSPORTE,Acreedora,4,22677.95,0,0,22677.95,31/01/2025,Profit Plus Contabilidad
302-04-01-02-01-,TRANSPORTE,Acreedora,5,22677.95,0,0,22677.95,31/01/2025,Profit Plus Contabilidad
302-04-01-02-01-03,CONTRATO,Acreedora,6,22677.95,0,0,22677.95,31/01/2025,Profit Plus Contabilidad
302-04-01-03-,INCENDIO,Acreedora,4,23727.11,0,0,23727.11,31/01/2025,Profit Plus Contabilidad
302-04-01-03-01-,INCENDIO,Acreedora,5,23727.11,0,0,23727.11,31/01/2025,Profit Plus Contabilidad
302-04-01-03-01-03,CONTRATO,Acreedora,6,23727.11,0,0,23727.11,31/01/2025,Profit Plus Contabilidad
302-04-01-04-,ACCIDENTES Y DIVERSOS,Acreedora,4,28201.63,0,0,28201.63,31/01/2025,Profit Plus Contabilidad
302-04-01-04-01-,ACCIDENTES Y DIVERSOS,Acreedora,5,28201.63,0,0,28201.63,31/01/2025,Profit Plus Contabilidad
302-04-01-04-01-03,CONTRATO,Acreedora,6,28201.63,0,0,28201.63,31/01/2025,Profit Plus Contabilidad
302-04-01-05-,FIANZAS.,Acreedora,4,40125.88,0,0,40125.88,31/01/2025,Profit Plus Contabilidad
302-04-01-05-01-,FIANZAS.,Acreedora,5,40125.88,0,0,40125.88,31/01/2025,Profit Plus Contabilidad
302-04-01-05-01-03,CONTRATO,Acreedora,6,40125.88,0,0,40125.88,31/01/2025,Profit Plus Contabilidad
303-,PRIMAS RETROCEDIDAS,Acreedora,1,61766112.47,10864295.05,21728590.1,50901817.42,31/01/2025,Profit Plus Contabilidad
303-01-,AL PAIS,Acreedora,2,0,10864295.05,10864295.05,0,31/01/2025,Profit Plus Contabilidad
303-01-01-,DE NEGOCIOS NACIONALES.,Acreedora,3,0,10864295.05,10864295.05,0,31/01/2025,Profit Plus Contabilidad
303-01-01-02-,TRANSPORTE,Acreedora,4,0,2454691.4,2454691.4,0,31/01/2025,Profit Plus Contabilidad
303-01-01-02-01-,TRANSPORTE,Acreedora,5,0,2454691.4,2454691.4,0,31/01/2025,Profit Plus Contabilidad
303-01-01-02-01-01,FACULTATIVO,Acreedora,6,0,2454691.4,2454691.4,0,31/01/2025,Profit Plus Contabilidad
303-01-01-03-,INCENDIO,Acreedora,4,0,7174799.53,7174799.53,0,31/01/2025,Profit Plus Contabilidad
303-01-01-03-01-,INCENDIO,Acreedora,5,0,7174799.53,7174799.53,0,31/01/2025,Profit Plus Contabilidad
303-01-01-03-01-01,FACULTATIVO,Acreedora,6,0,7174799.53,7174799.53,0,31/01/2025,Profit Plus Contabilidad
303-01-01-04-,ACCIDENTES Y DIVERSOS,Acreedora,4,0,1234804.12,1234804.12,0,31/01/2025,Profit Plus Contabilidad
303-01-01-04-01-,ACCIDENTES Y DIVERSOS,Acreedora,5,0,1234804.12,1234804.12,0,31/01/2025,Profit Plus Contabilidad
303-01-01-04-01-01,FACULTATIVO,Acreedora,6,0,1234804.12,1234804.12,0,31/01/2025,Profit Plus Contabilidad
303-02-,AL EXTERIOR,Acreedora,2,61766112.47,0,10864295.05,50901817.42,31/01/2025,Profit Plus Contabilidad
303-02-01-,NEGOCIOS NACIONALES,Acreedora,3,61766112.47,0,10864295.05,50901817.42,31/01/2025,Profit Plus Contabilidad
303-02-01-02-,TRANSPORTE,Acreedora,4,7969088.11,0,2454691.4,5514396.71,31/01/2025,Profit Plus Contabilidad
303-02-01-02-01-,TRANSPORTE,Acreedora,5,7969088.11,0,2454691.4,5514396.71,31/01/2025,Profit Plus Contabilidad
303-02-01-02-01-01,FACULTATIVO,Acreedora,6,7969088.11,0,2454691.4,5514396.71,31/01/2025,Profit Plus Contabilidad
303-02-01-03-,INCENDIO,Acreedora,4,41187039.06,0,7174799.53,34012239.53,31/01/2025,Profit Plus Contabilidad
303-02-01-03-01-,INCENDIO,Acreedora,5,41187039.06,0,7174799.53,34012239.53,31/01/2025,Profit Plus Contabilidad
303-02-01-03-01-01,FACULTATIVO,Acreedora,6,41187039.06,0,7174799.53,34012239.53,31/01/2025,Profit Plus Contabilidad
303-02-01-04-,ACCIDENTES Y DIVERSOS,Acreedora,4,12162491.1,0,1234804.12,10927686.98,31/01/2025,Profit Plus Contabilidad
303-02-01-04-01-,ACCIDENTES Y DIVERSOS,Acreedora,5,12162491.1,0,1234804.12,10927686.98,31/01/2025,Profit Plus Contabilidad
303-02-01-04-01-01,FACULTATIVO,Acreedora,6,12162491.1,0,1234804.12,10927686.98,31/01/2025,Profit Plus Contabilidad
303-02-01-05-,FIANZAS.,Acreedora,4,447494.2,0,0,447494.2,31/01/2025,Profit Plus Contabilidad
303-02-01-05-01-,FIANZAS.,Acreedora,5,447494.2,0,0,447494.2,31/01/2025,Profit Plus Contabilidad
303-02-01-05-01-01,FACULTATIVO,Acreedora,6,447494.2,0,0,447494.2,31/01/2025,Profit Plus Contabilidad
304-,RESERVAS DE PRIMAS,Acreedora,1,904488.3,30867163.62,28748151.47,3023500.45,31/01/2025,Profit Plus Contabilidad
304-01-,NEGOCIOS NACIONALES,Acreedora,2,904488.3,30867163.62,28748151.47,3023500.45,31/01/2025,Profit Plus Contabilidad
304-01-02-,TRANSPORTE,Acreedora,3,147767.51,2643135.76,1705106.77,1085796.5,31/01/2025,Profit Plus Contabilidad
304-01-02-01-,TRANSPORTE,Acreedora,4,147767.51,2643135.76,1705106.77,1085796.5,31/01/2025,Profit Plus Contabilidad
304-01-02-01-01-,TRANSPORTE,Acreedora,5,147767.51,2643135.76,1705106.77,1085796.5,31/01/2025,Profit Plus Contabilidad
304-01-02-01-01-01,FACULTATIVO,Acreedora,6,24468.85,882064.28,428716.8,477816.33,31/01/2025,Profit Plus Contabilidad
304-01-02-01-01-03,CONTRATO,Acreedora,6,123298.66,1761071.48,1276389.97,607980.17,31/01/2025,Profit Plus Contabilidad
304-01-03-,INCENDIO,Acreedora,3,523856.86,21196593.53,21359128.51,361321.88,31/01/2025,Profit Plus Contabilidad
304-01-03-01-,INCENDIO,Acreedora,4,523856.86,21196593.53,21359128.51,361321.88,31/01/2025,Profit Plus Contabilidad
304-01-03-01-01-,INCENDIO,Acreedora,5,523856.86,21196593.53,21359128.51,361321.88,31/01/2025,Profit Plus Contabilidad
304-01-03-01-01-01,FACULTATIVO,Acreedora,6,490464.3,20352406.35,20840637.06,2233.59,31/01/2025,Profit Plus Contabilidad
304-01-03-01-01-03,CONTRATO,Acreedora,6,33392.56,844187.18,518491.45,359088.29,31/01/2025,Profit Plus Contabilidad
304-01-04-,ACCIDENTES Y DIVERSOS,Acreedora,3,232057.71,6285095.98,5332121.16,1185032.53,31/01/2025,Profit Plus Contabilidad
304-01-04-01-,ACCIDENTES Y DIVERSOS,Acreedora,4,232057.71,6285095.98,5332121.16,1185032.53,31/01/2025,Profit Plus Contabilidad
304-01-04-01-01-,ACCIDENTES Y DIVERSOS,Acreedora,5,232057.71,6285095.98,5332121.16,1185032.53,31/01/2025,Profit Plus Contabilidad
304-01-04-01-01-01,FACULTATIVO,Acreedora,6,3807128.38,117.78,3706230.45,101015.71,31/01/2025,Profit Plus Contabilidad
304-01-04-01-01-03,CONTRATO,Acreedora,6,62182.91,1184948.49,656277.01,590854.39,31/01/2025,Profit Plus Contabilidad
304-01-04-01-01-04,CONTRATO NO PROPORCIONAL,Acreedora,6,68859.09,1393917.04,868715.77,594060.36,31/01/2025,Profit Plus Contabilidad
304-01-05-,FIANZAS,Acreedora,3,806.22,742338.35,351795.03,391349.54,31/01/2025,Profit Plus Contabilidad
304-01-05-01-,FIANZAS,Acreedora,4,806.22,742338.35,351795.03,391349.54,31/01/2025,Profit Plus Contabilidad
304-01-05-01-01-,FIANZAS,Acreedora,5,806.22,742338.35,351795.03,391349.54,31/01/2025,Profit Plus Contabilidad
304-01-05-01-01-01,FACULTATIVO,Acreedora,6,0,722301.28,343571.56,378729.72,31/01/2025,Profit Plus Contabilidad
304-01-05-01-01-03,CONTRATO,Acreedora,6,806.22,20037.07,8223.47,12619.82,31/01/2025,Profit Plus Contabilidad
305-,RESERVAS PARA PRESTACIONES Y SINIESTROS PENDIENT,Acreedora,1,65115.95,746634.14,805697.79,6052.3,31/01/2025,Profit Plus Contabilidad
305-01-,NEGOCIOS NACIONALES,Acreedora,2,65115.95,746634.14,805697.79,6052.3,31/01/2025,Profit Plus Contabilidad
305-01-03-,INCENDIO,Acreedora,3,64928.59,737454.4,796330.69,6052.3,31/01/2025,Profit Plus Contabilidad
305-01-03-01-,INCENDIO,Acreedora,4,64928.59,737454.4,796330.69,6052.3,31/01/2025,Profit Plus Contabilidad
305-01-03-01-01-,INCENDIO,Acreedora,5,64928.59,737454.4,796330.69,6052.3,31/01/2025,Profit Plus Contabilidad
305-01-03-01-01-01,FACULTATIVO,Acreedora,6,64928.59,737454.4,796330.69,6052.3,31/01/2025,Profit Plus Contabilidad
305-01-04-,ACCIDENTES Y DIVERSOS,Acreedora,3,187.36,9179.74,9367.1,0,31/01/2025,Profit Plus Contabilidad
305-01-04-01-,ACCIDENTES Y DIVERSOS,Acreedora,4,187.36,9179.74,9367.1,0,31/01/2025,Profit Plus Contabilidad
305-01-04-01-01-,ACCIDENTES Y DIVERSOS,Acreedora,5,187.36,9179.74,9367.1,0,31/01/2025,Profit Plus Contabilidad
305-01-04-01-01-01,FACULTATIVO,Acreedora,6,187.36,9179.74,9367.1,0,31/01/2025,Profit Plus Contabilidad
308-,RESERVAS PARA SINIESTROS OCURRIDOS Y NO NOTIFICA,Acreedora,1,1953.48,0,1701.37,252.11,31/01/2025,Profit Plus Contabilidad
308-01-,NEGOCIOS NACIONALES.,Acreedora,2,1953.48,0,1701.37,252.11,31/01/2025,Profit Plus Contabilidad
308-01-03-,INCENDIO,Acreedora,3,1953.48,0,1701.37,252.11,31/01/2025,Profit Plus Contabilidad
308-01-03-01-,INCENDIO,Acreedora,4,1953.48,0,1701.37,252.11,31/01/2025,Profit Plus Contabilidad
308-01-03-01-01-,INCENDIO,Acreedora,5,1953.48,0,1701.37,252.11,31/01/2025,Profit Plus Contabilidad
308-01-03-01-01-01,FACULTATIVO,Acreedora,6,1953.48,0,1701.37,252.11,31/01/2025,Profit Plus Contabilidad
309-,RESERVAS PARA RIESGOS CATASTRÓFICOS,Acreedora,1,28930.21,0,12057.33,16872.88,31/01/2025,Profit Plus Contabilidad
309-07-,OTROS RIESGOS CATASTRÓFICOS,Acreedora,2,28930.21,0,12057.33,16872.88,31/01/2025,Profit Plus Contabilidad
309-07-01-,OTROS RIESGOS CATASTRÓFICOS,Acreedora,3,28930.21,0,12057.33,16872.88,31/01/2025,Profit Plus Contabilidad
309-07-01-01-,OTROS RIESGOS CATASTRÓFICOS,Acreedora,4,28930.21,0,12057.33,16872.88,31/01/2025,Profit Plus Contabilidad
309-07-01-01-01-,OTROS RIESGOS CATASTRÓFICOS,Acreedora,5,28930.21,0,12057.33,16872.88,31/01/2025,Profit Plus Contabilidad
309-07-01-01-01-01,OTROS RIESGOS CATASTRÓFICOS,Acreedora,6,28930.21,0,12057.33,16872.88,31/01/2025,Profit Plus Contabilidad
311-,EGRESOS FINANCIEROS,Acreedora,1,276449.83,0,9775.41,266674.42,31/01/2025,Profit Plus Contabilidad
311-01-,INTERESES PAGADOS,Acreedora,2,163863.37,0,0,163863.37,31/01/2025,Profit Plus Contabilidad
311-01-03-,OBLIGACIONES DOCUMENTADAS,Acreedora,3,163863.37,0,0,163863.37,31/01/2025,Profit Plus Contabilidad
311-01-03-01-,OBLIGACIONES DOCUMENTADAS,Acreedora,4,163863.37,0,0,163863.37,31/01/2025,Profit Plus Contabilidad
311-01-03-01-01-,OBLIGACIONES DOCUMENTADAS,Acreedora,5,163863.37,0,0,163863.37,31/01/2025,Profit Plus Contabilidad
311-01-03-01-01-01,OBLIGACIONES DOCUMENTADAS,Acreedora,6,163863.37,0,0,163863.37,31/01/2025,Profit Plus Contabilidad
311-02-,COMISIONES PAGADAS,Acreedora,2,112586.46,0,9775.41,102811.05,31/01/2025,Profit Plus Contabilidad
311-02-04-,OPERACIONES BANCARIAS,Acreedora,3,112586.46,0,9775.41,102811.05,31/01/2025,Profit Plus Contabilidad
311-02-04-01-,OPERACIONES BANCARIAS,Acreedora,4,112586.46,0,9775.41,102811.05,31/01/2025,Profit Plus Contabilidad
311-02-04-01-01-,OPERACIONES BANCARIAS,Acreedora,5,112586.46,0,9775.41,102811.05,31/01/2025,Profit Plus Contabilidad
311-02-04-01-01-01,COMISIONES BANCARIAS,Acreedora,6,112586.46,0,9775.41,102811.05,31/01/2025,Profit Plus Contabilidad
312-,AJUSTE DE VALORES Y OTROS ACTIVOS,Acreedora,1,155684.6,0,28391.59,127293.01,31/01/2025,Profit Plus Contabilidad
312-02-,AJUSTE DE ACTIVOS DEPRECIABLES,Acreedora,2,155684.6,0,28391.59,127293.01,31/01/2025,Profit Plus Contabilidad
312-02-01-,PREDIOS URBANOS EDIFICADOS,Acreedora,3,4506.95,0,643.85,3863.1,31/01/2025,Profit Plus Contabilidad
312-02-01-01-,PREDIOS URBANOS EDIFICADOS,Acreedora,4,4506.95,0,643.85,3863.1,31/01/2025,Profit Plus Contabilidad
312-02-01-01-01-,PREDIOS URBANOS EDIFICADOS,Acreedora,5,4506.95,0,643.85,3863.1,31/01/2025,Profit Plus Contabilidad
312-02-01-01-01-01,PREDIOS URBANOS EDIFICADOS,Acreedora,6,4506.95,0,643.85,3863.1,31/01/2025,Profit Plus Contabilidad
312-02-03-,MOBILIARIO,Acreedora,3,3272.43,0,1090.81,2181.62,31/01/2025,Profit Plus Contabilidad
312-02-03-01-,MOBILIARIO,Acreedora,4,3272.43,0,1090.81,2181.62,31/01/2025,Profit Plus Contabilidad
312-02-03-01-01-,MOBILIARIO,Acreedora,5,3272.43,0,1090.81,2181.62,31/01/2025,Profit Plus Contabilidad
312-02-03-01-01-01,MOBILIARIO,Acreedora,6,3272.43,0,1090.81,2181.62,31/01/2025,Profit Plus Contabilidad
312-02-04-,EQUIPO DE OFICINA,Acreedora,3,3284.49,0,581.91,2702.58,31/01/2025,Profit Plus Contabilidad
312-02-04-01-,EQUIPO DE OFICINA,Acreedora,4,3284.49,0,581.91,2702.58,31/01/2025,Profit Plus Contabilidad
312-02-04-01-01-,EQUIPO DE OFICINA,Acreedora,5,3284.49,0,581.91,2702.58,31/01/2025,Profit Plus Contabilidad
312-02-04-01-01-01,EQUIPO DE OFICINA,Acreedora,6,3284.49,0,581.91,2702.58,31/01/2025,Profit Plus Contabilidad
312-02-05-,EQUIPOS DE COMPUTACION,Acreedora,3,144620.73,0,26075.02,118545.71,31/01/2025,Profit Plus Contabilidad
312-02-05-01-,EQUIPOS DE COMPUTACION,Acreedora,4,144620.73,0,26075.02,118545.71,31/01/2025,Profit Plus Contabilidad
312-02-05-01-01-,EQUIPOS DE COMPUTACION,Acreedora,5,144620.73,0,26075.02,118545.71,31/01/2025,Profit Plus Contabilidad
312-02-05-01-01-01,EQUIPOS DE COMPUTACION,Acreedora,6,144620.73,0,26075.02,118545.71,31/01/2025,Profit Plus Contabilidad
315-,GASTOS DE ADMINISTRACION,Acreedora,1,12995709.46,395669.5,4651931.15,8739447.81,31/01/2025,Profit Plus Contabilidad
315-01-,REMUNERACIONES,Acreedora,2,530863.35,19820.47,111438.5,439245.32,31/01/2025,Profit Plus Contabilidad
315-01-01-,REMUNERACIONES,Acreedora,3,530863.35,19820.47,111438.5,439245.32,31/01/2025,Profit Plus Contabilidad
315-01-01-01-,REMUNERACIONES,Acreedora,4,530863.35,19820.47,111438.5,439245.32,31/01/2025,Profit Plus Contabilidad
315-01-01-01-01-,REMUNERACIONES,Acreedora,5,530863.35,19820.47,111438.5,439245.32,31/01/2025,Profit Plus Contabilidad
315-01-01-01-01-01,SUELDOS,Acreedora,6,530863.35,19820.47,111438.5,439245.32,31/01/2025,Profit Plus Contabilidad
315-02-,PRESTACIONES LEGALES,Acreedora,2,676980.85,282916.83,468620.11,491277.57,31/01/2025,Profit Plus Contabilidad
315-02-01-,PRESTACIONES LEGALES,Acreedora,3,676980.85,282916.83,468620.11,491277.57,31/01/2025,Profit Plus Contabilidad
315-02-01-01-,PRESTACIONES LEGALES,Acreedora,4,676980.85,282916.83,468620.11,491277.57,31/01/2025,Profit Plus Contabilidad
315-02-01-01-01-,PRESTACIONES LEGALES,Acreedora,5,676980.85,282916.83,468620.11,491277.57,31/01/2025,Profit Plus Contabilidad
315-02-01-01-01-01,PRESTACIONES SOCIALES,Acreedora,6,301535.82,282916.83,393068.3,191384.35,31/01/2025,Profit Plus Contabilidad
315-02-01-01-01-02,INTERESES  S/PRESTACIONES SOCIALES,Acreedora,6,51862.06,0,9009.81,42852.25,31/01/2025,Profit Plus Contabilidad
315-02-01-01-01-03,VACACIONES,Acreedora,6,110084.67,0,32364,77720.67,31/01/2025,Profit Plus Contabilidad
315-02-01-01-01-04,UTILIDADES LEGALES,Acreedora,6,213498.3,0,34178,179320.3,31/01/2025,Profit Plus Contabilidad
315-03-,OTRAS PRESTACIONES,Acreedora,2,927297.68,27301.72,129496.77,825102.63,31/01/2025,Profit Plus Contabilidad
315-03-01-,OTRAS PRESTACIONES,Acreedora,3,927297.68,27301.72,129496.77,825102.63,31/01/2025,Profit Plus Contabilidad
315-03-01-01-,OTRAS PRESTACIONES,Acreedora,4,927297.68,27301.72,129496.77,825102.63,31/01/2025,Profit Plus Contabilidad
315-03-01-01-01-,OTRAS PRESTACIONES,Acreedora,5,927297.68,27301.72,129496.77,825102.63,31/01/2025,Profit Plus Contabilidad
315-03-01-01-01-01,BONO VACACIONAL,Acreedora,6,76121.18,0,16750.87,59370.31,31/01/2025,Profit Plus Contabilidad
315-03-01-01-01-03,SEGURO DEL PERSONAL,Acreedora,6,851176.5,27301.72,112745.9,765732.32,31/01/2025,Profit Plus Contabilidad
315-04-,OTROS GASTOS DE PERSONAL,Acreedora,2,994339.8,2861,193716.56,803484.24,31/01/2025,Profit Plus Contabilidad
315-04-01-,OTROS GASTOS DE PERSONAL,Acreedora,3,994339.8,2861,193716.56,803484.24,31/01/2025,Profit Plus Contabilidad
315-04-01-01-,OTROS GASTOS DE PERSONAL,Acreedora,4,994339.8,2861,193716.56,803484.24,31/01/2025,Profit Plus Contabilidad
315-04-01-01-01-,OTROS GASTOS DE PERSONAL,Acreedora,5,994339.8,2861,193716.56,803484.24,31/01/2025,Profit Plus Contabilidad
315-04-01-01-01-03,COLABORACIÓN ESCOLAR,Acreedora,6,351796.69,0,61780.93,290015.76,31/01/2025,Profit Plus Contabilidad
315-04-01-01-01-04,BONO ALIMENTACION,Acreedora,6,343924,2861,67112,279673,31/01/2025,Profit Plus Contabilidad
315-04-01-01-01-09,BONO DE TRANSPORTE,Acreedora,6,139294.25,0,26235,113059.25,31/01/2025,Profit Plus Contabilidad
315-04-01-01-01-10,BONO POR RENTA Y CONEXIÓN,Acreedora,6,141365.4,0,26235,115130.4,31/01/2025,Profit Plus Contabilidad
315-04-01-01-01-11,GIMNASIO,Acreedora,6,17959.46,0,12353.63,5605.83,31/01/2025,Profit Plus Contabilidad
315-05-,CONTRIBUCIONES,Acreedora,2,191955.93,126,32272.99,159808.94,31/01/2025,Profit Plus Contabilidad
315-05-01-,CONTRIBUCIONES,Acreedora,3,191955.93,126,32272.99,159808.94,31/01/2025,Profit Plus Contabilidad
315-05-01-01-,CONTRIBUCIONES,Acreedora,4,191955.93,126,32272.99,159808.94,31/01/2025,Profit Plus Contabilidad
315-05-01-01-01-,CONTRIBUCIONES,Acreedora,5,191955.93,126,32272.99,159808.94,31/01/2025,Profit Plus Contabilidad
315-05-01-01-01-01,IVSS APORTE PATRONAL,Acreedora,6,8883,81,1107,7857,31/01/2025,Profit Plus Contabilidad
315-05-01-01-01-02,SEGURO PARO FORZOSO APORTE PATRONAL,Acreedora,6,3939,45,492,3492,31/01/2025,Profit Plus Contabilidad
315-05-01-01-01-03,FONDO DE AHORRO OBLIGATORIO APORTE PATRONAL,Acreedora,6,10299.36,0,1738.53,8560.83,31/01/2025,Profit Plus Contabilidad
315-05-01-01-01-05,INCE,Acreedora,6,13170.37,0,2698.17,10472.2,31/01/2025,Profit Plus Contabilidad
315-05-01-01-01-06,LEY DE PROTECCIÓN DE PENSIONES,Acreedora,6,155664.2,0,26237.29,129426.91,31/01/2025,Profit Plus Contabilidad
315-06-,REPARACIONES ORDINARIAS Y MANTENIMIENTO,Acreedora,2,1109947.22,3655.95,177864.86,935738.31,31/01/2025,Profit Plus Contabilidad
315-06-01-,REPARACIONES ORDINARIAS Y MANTENIMIENTO,Acreedora,3,1109947.22,3655.95,177864.86,935738.31,31/01/2025,Profit Plus Contabilidad
315-06-01-01-,REPARACIONES ORDINARIAS Y MANTENIMIENTO,Acreedora,4,1109947.22,3655.95,177864.86,935738.31,31/01/2025,Profit Plus Contabilidad
315-06-01-01-01-,REPARACIONES ORDINARIAS Y MANTENIMIENTO,Acreedora,5,1109947.22,3655.95,177864.86,935738.31,31/01/2025,Profit Plus Contabilidad
315-06-01-01-01-01,MOBILIARIO,Acreedora,6,0,3655.95,3655.95,0,31/01/2025,Profit Plus Contabilidad
315-06-01-01-01-02,VEHICULOS,Acreedora,6,50516.66,0,20986.83,29529.83,31/01/2025,Profit Plus Contabilidad
315-06-01-01-01-03,EQUIPOS DE COMPUTACION,Acreedora,6,942498.48,0,149566.13,792932.35,31/01/2025,Profit Plus Contabilidad
315-06-01-01-01-04,INSTALACIONES,Acreedora,6,3655.95,113276.13,0,116932.08,31/01/2025,Profit Plus Contabilidad
315-07-,PRIMAS DE SEGUROS (RIESGOS PROPIOS),Acreedora,2,4301.43,0,614.49,3686.94,31/01/2025,Profit Plus Contabilidad
315-07-01-,PRIMAS DE SEGUROS (RIESGOS PROPIOS),Acreedora,3,4301.43,0,614.49,3686.94,31/01/2025,Profit Plus Contabilidad
315-07-01-01-,PRIMAS DE SEGUROS (RIESGOS PROPIOS),Acreedora,4,4301.43,0,614.49,3686.94,31/01/2025,Profit Plus Contabilidad
315-07-01-01-01-,PRIMAS DE SEGUROS (RIESGOS PROPIOS),Acreedora,5,4301.43,0,614.49,3686.94,31/01/2025,Profit Plus Contabilidad
315-07-01-01-01-01,PRIMAS DE SEGUROS (RIESGOS PROPIOS),Acreedora,6,4301.43,0,614.49,3686.94,31/01/2025,Profit Plus Contabilidad
315-09-,PUBLICIDAD E IMAGEN,Acreedora,2,84282.12,58965.12,117930.24,25317,31/01/2025,Profit Plus Contabilidad
315-09-01-,PUBLICIDAD E IMAGEN,Acreedora,3,84282.12,58965.12,117930.24,25317,31/01/2025,Profit Plus Contabilidad
315-09-01-01-,PUBLICIDAD E IMAGEN,Acreedora,4,84282.12,58965.12,117930.24,25317,31/01/2025,Profit Plus Contabilidad
315-09-01-01-01-,PUBLICIDAD E IMAGEN,Acreedora,5,84282.12,58965.12,117930.24,25317,31/01/2025,Profit Plus Contabilidad
315-09-01-01-01-01,PUBLICIDAD E IMAGEN,Acreedora,6,84282.12,0,58965.12,25317,31/01/2025,Profit Plus Contabilidad
315-09-01-01-01-02,PUBLICACION EN PRENSA,Acreedora,6,0,58965.12,58965.12,0,31/01/2025,Profit Plus Contabilidad
315-10-,SERVICIOS BÁSICOS,Acreedora,2,224840.09,0,43192.72,181647.37,31/01/2025,Profit Plus Contabilidad
315-10-01-,SERVICIOS BÁSICOS,Acreedora,3,224840.09,0,43192.72,181647.37,31/01/2025,Profit Plus Contabilidad
315-10-01-01-,SERVICIOS BÁSICOS,Acreedora,4,224840.09,0,43192.72,181647.37,31/01/2025,Profit Plus Contabilidad
315-10-01-01-01-,SERVICIOS BÁSICOS,Acreedora,5,224840.09,0,43192.72,181647.37,31/01/2025,Profit Plus Contabilidad
315-10-01-01-01-01,ENERGIA ELECTRICA,Acreedora,6,35207.57,0,8057.08,27150.49,31/01/2025,Profit Plus Contabilidad
315-10-01-01-01-02,TELEFONO E INTERNET,Acreedora,6,148772.31,0,27635.1,121137.21,31/01/2025,Profit Plus Contabilidad
315-10-01-01-01-05,SERVICIO DE ASEO,Acreedora,6,40860.21,0,7500.54,33359.67,31/01/2025,Profit Plus Contabilidad
315-11-,ALQUILERES,Acreedora,2,1119998.37,0,210292.97,909705.4,31/01/2025,Profit Plus Contabilidad
315-11-01-,ALQUILERES,Acreedora,3,1119998.37,0,210292.97,909705.4,31/01/2025,Profit Plus Contabilidad
315-11-01-01-,ALQUILERES,Acreedora,4,1119998.37,0,210292.97,909705.4,31/01/2025,Profit Plus Contabilidad
315-11-01-01-01-,ALQUILERES,Acreedora,5,1119998.37,0,210292.97,909705.4,31/01/2025,Profit Plus Contabilidad
315-11-01-01-01-01,ALQUILER OFICINA,Acreedora,6,1119998.37,0,210292.97,909705.4,31/01/2025,Profit Plus Contabilidad
315-12-,RELACIONES,Acreedora,2,911132.47,22.41,126745.03,784409.85,31/01/2025,Profit Plus Contabilidad
315-12-01-,RELACIONES,Acreedora,3,911132.47,22.41,126745.03,784409.85,31/01/2025,Profit Plus Contabilidad
315-12-01-01-,RELACIONES,Acreedora,4,911132.47,22.41,126745.03,784409.85,31/01/2025,Profit Plus Contabilidad
315-12-01-01-01-,RELACIONES,Acreedora,5,911132.47,22.41,126745.03,784409.85,31/01/2025,Profit Plus Contabilidad
315-12-01-01-01-01,RELACIONES PÚBLICAS,Acreedora,6,145902.73,0,12268,133634.73,31/01/2025,Profit Plus Contabilidad
315-12-01-01-01-02,RELACIONES INDUSTRIALES,Acreedora,6,403780.93,22.41,61232.69,342570.65,31/01/2025,Profit Plus Contabilidad
315-12-01-01-01-03,ASOCIACIONES,Acreedora,6,361448.81,0,53244.34,308204.47,31/01/2025,Profit Plus Contabilidad
315-13-,SERVICIOS PROFESIONALES,Acreedora,2,3681446.81,0,2856412.15,825034.66,31/01/2025,Profit Plus Contabilidad
315-13-01-,SERVICIOS PROFESIONALES,Acreedora,3,3681446.81,0,2856412.15,825034.66,31/01/2025,Profit Plus Contabilidad
315-13-01-01-,SERVICIOS PROFESIONALES,Acreedora,4,3681446.81,0,2856412.15,825034.66,31/01/2025,Profit Plus Contabilidad
315-13-01-01-01-,SERVICIOS PROFESIONALES,Acreedora,5,3681446.81,0,2856412.15,825034.66,31/01/2025,Profit Plus Contabilidad
315-13-01-01-01-02,ASESORIA FINANCIERA,Acreedora,6,3681446.81,0,2856412.15,825034.66,31/01/2025,Profit Plus Contabilidad
315-16-,OTROS GASTOS GENERALES,Acreedora,2,2498489.97,0,181907.54,2316582.43,31/01/2025,Profit Plus Contabilidad
315-16-01-,OTROS GASTOS GENERALES,Acreedora,3,2498489.97,0,181907.54,2316582.43,31/01/2025,Profit Plus Contabilidad
315-16-01-01-,OTROS GASTOS GENERALES,Acreedora,4,2498489.97,0,181907.54,2316582.43,31/01/2025,Profit Plus Contabilidad
315-16-01-01-01-,OTROS GASTOS GENERALES,Acreedora,5,2498489.97,0,181907.54,2316582.43,31/01/2025,Profit Plus Contabilidad
315-16-01-01-01-01,ARTICULOS DE OFICINA,Acreedora,6,13555.22,0,0,13555.22,31/01/2025,Profit Plus Contabilidad
315-16-01-01-01-03,GASTOS LEGALES,Acreedora,6,1634245.52,0,56714.06,1577531.46,31/01/2025,Profit Plus Contabilidad
315-16-01-01-01-06,ADIESTRAMIENTO Y CAPACITACIONES,Acreedora,6,62791.65,0,0,62791.65,31/01/2025,Profit Plus Contabilidad
315-16-01-01-01-08,ARTICULOS DE ASEO Y LIMPIEZA,Acreedora,6,42536.59,0,10666.91,31869.68,31/01/2025,Profit Plus Contabilidad
315-16-01-01-01-09,GASTOS MISCELANEOS,Acreedora,6,153425.08,0,14156.8,139268.28,31/01/2025,Profit Plus Contabilidad
315-16-01-01-01-10,ESTACIONAMIENTO,Acreedora,6,24226.74,0,5777.31,18449.43,31/01/2025,Profit Plus Contabilidad
315-16-01-01-01-11,CONDOMINIO,Acreedora,6,286479.33,0,55319.84,231159.49,31/01/2025,Profit Plus Contabilidad
315-16-01-01-01-12,FLETES Y TRANSPORTES,Acreedora,6,3475.51,0,0,3475.51,31/01/2025,Profit Plus Contabilidad
315-16-01-01-01-13,TRASLADOS,Acreedora,6,56403.59,0,4894.18,51509.41,31/01/2025,Profit Plus Contabilidad
315-16-01-01-01-14,DIETAS A DIRECTIVOS,Acreedora,6,221350.74,0,34378.44,186972.3,31/01/2025,Profit Plus Contabilidad
315-17-,GASTOS NO DEDUCIBLES,Acreedora,2,39833.37,0,1426.22,38407.15,31/01/2025,Profit Plus Contabilidad
315-17-01-,GASTOS NO DEDUCIBLES,Acreedora,3,39833.37,0,1426.22,38407.15,31/01/2025,Profit Plus Contabilidad
315-17-01-01-,GASTOS NO DEDUCIBLES,Acreedora,4,39833.37,0,1426.22,38407.15,31/01/2025,Profit Plus Contabilidad
315-17-01-01-01-,GASTOS NO DEDUCIBLES,Acreedora,5,39833.37,0,1426.22,38407.15,31/01/2025,Profit Plus Contabilidad
315-17-01-01-01-02,I.G.T.F.,Acreedora,6,36276.57,0,1426.22,34850.35,31/01/2025,Profit Plus Contabilidad
315-17-01-01-01-03,MULTAS,Acreedora,6,3556.8,0,0,3556.8,31/01/2025,Profit Plus Contabilidad
316-,AJUSTES DE RESERVAS DE PROVISION,Acreedora,1,840675.37,0,245715.29,594960.08,31/01/2025,Profit Plus Contabilidad
316-01-,IMPUESTOS Y CONTRIBUCIONES POR PAGAR,Acreedora,2,840675.37,0,245715.29,594960.08,31/01/2025,Profit Plus Contabilidad
316-01-01-,IMPUESTOS,Acreedora,3,580737.84,0,176666.25,404071.59,31/01/2025,Profit Plus Contabilidad
316-01-01-06-,IMPUESTOS MUNICIPALES,Acreedora,4,580737.84,0,176666.25,404071.59,31/01/2025,Profit Plus Contabilidad
316-01-01-06-01-,IMPUESTOS MUNICIPALES,Acreedora,5,580737.84,0,176666.25,404071.59,31/01/2025,Profit Plus Contabilidad
316-01-01-06-01-01,IMPUESTOS MUNICIPALES,Acreedora,6,580737.84,0,176666.25,404071.59,31/01/2025,Profit Plus Contabilidad
316-01-02-,CONTRIBUCIONES,Acreedora,3,259937.53,0,69049.04,190888.49,31/01/2025,Profit Plus Contabilidad
316-01-02-10-,LEY ORGANICA DE CIENCIAS Y TECNOLOGÍA E INFORMAC,Acreedora,4,259937.53,0,69049.04,190888.49,31/01/2025,Profit Plus Contabilidad
316-01-02-10-01-,LEY ORGANICA DE CIENCIAS Y TECNOLOGÍA E INFORMAC,Acreedora,5,259937.53,0,69049.04,190888.49,31/01/2025,Profit Plus Contabilidad
316-01-02-10-01-01,LEY ORGANICA DE CIENCIAS Y TECNOLOGÍA E INFORMAC,Acreedora,6,259937.53,0,69049.04,190888.49,31/01/2025,Profit Plus Contabilidad
317-,OTROS EGRESOS,Acreedora,1,34922937.71,3836095.3,10712386.88,28046646.13,31/01/2025,Profit Plus Contabilidad
317-01-,DIFERENCIAS EN CAMBIO,Acreedora,2,34562957.98,3675474.5,10545128.57,27693303.91,31/01/2025,Profit Plus Contabilidad
317-01-01-,SOBRE OPERACIONES TECNICAS,Acreedora,3,29282237.52,3671522.28,9769864.3,23183895.5,31/01/2025,Profit Plus Contabilidad
317-01-01-01-,RESERVAS TÉCNICAS,Acreedora,4,9322712.61,3671522.28,6116114.17,6878120.72,31/01/2025,Profit Plus Contabilidad
317-01-01-01-01-,RESERVAS MATEMÁTICAS,Acreedora,5,0,3552522.19,3552522.19,0,31/01/2025,Profit Plus Contabilidad
317-01-01-01-01-01,DIFERENCIAL CAMBIARIO TÉCNICO,Acreedora,6,0,2629742.55,2629742.55,0,31/01/2025,Profit Plus Contabilidad
317-01-01-01-01-03,DIFERENCIAL CAMBIARIO TÉCNICO,Acreedora,6,0,922779.64,922779.64,0,31/01/2025,Profit Plus Contabilidad
317-01-01-01-02-,RESERVAS PARA RIESGOS EN CURSO,Acreedora,5,8872411.79,0,2555589.89,6316821.9,31/01/2025,Profit Plus Contabilidad
317-01-01-01-02-01,NEGOCIOS NACIONALES,Acreedora,6,8872411.79,0,2555589.89,6316821.9,31/01/2025,Profit Plus Contabilidad
317-01-01-01-03-,RESERVA PARA SINIESTROS PENDIENTES,Acreedora,5,426752.49,119000.09,0,545752.58,31/01/2025,Profit Plus Contabilidad
317-01-01-01-03-01,NEGOCIOS NACIONALES,Acreedora,6,426752.49,119000.09,0,545752.58,31/01/2025,Profit Plus Contabilidad
317-01-01-01-04-,RESERVAS PARA SINIESTROS NO NOTIFICADOS,Acreedora,5,598.51,0,568,30.51,31/01/2025,Profit Plus Contabilidad
317-01-01-01-04-01,NEGOCIOS NACIONALES,Acreedora,6,598.51,0,568,30.51,31/01/2025,Profit Plus Contabilidad
317-01-01-01-05-,RESERVAS PARA RIESGOS CATASTRÓFICOS,Acreedora,5,22949.82,0,7434.09,15515.73,31/01/2025,Profit Plus Contabilidad
317-01-01-01-05-01,NEGOCIOS NACIONALES,Acreedora,6,22949.82,0,7434.09,15515.73,31/01/2025,Profit Plus Contabilidad
317-01-01-03-,OTRAS OPERACIONES TÉCNICAS,Acreedora,4,19959524.91,0,3653750.13,16305774.78,31/01/2025,Profit Plus Contabilidad
317-01-01-03-01-,NEGOCIOS NACIONALES,Acreedora,5,19959524.91,0,3653750.13,16305774.78,31/01/2025,Profit Plus Contabilidad
317-01-01-03-01-01,DIFERENCIAL CAMBIARIO TÉCNICO,Acreedora,6,19959524.91,0,3653750.13,16305774.78,31/01/2025,Profit Plus Contabilidad
317-01-02-,PÉRDIDA FINANCIERA,Acreedora,3,5280720.46,3952.22,775264.27,4509408.41,31/01/2025,Profit Plus Contabilidad
317-01-02-01-,PÉRDIDA FINANCIERA,Acreedora,4,5280720.46,3952.22,775264.27,4509408.41,31/01/2025,Profit Plus Contabilidad
317-01-02-01-01-,PÉRDIDA FINANCIERA,Acreedora,5,5280720.46,3952.22,775264.27,4509408.41,31/01/2025,Profit Plus Contabilidad
317-01-02-01-01-01,POSICIÓN MONEDA EXTRANJERA,Acreedora,6,148688.63,0,29762.6,118926.03,31/01/2025,Profit Plus Contabilidad
317-01-02-01-01-02,DIFERENCIAL CAMBIARIO ADMINISTRATIVO,Acreedora,6,5132031.83,3952.22,745501.67,4390482.38,31/01/2025,Profit Plus Contabilidad
317-02-,DIFERENCIAS EN COBRANZAS,Acreedora,2,7508.53,160620.8,167258.31,871.02,31/01/2025,Profit Plus Contabilidad
317-02-01-,DIFERENCIAS EN COBRANZAS,Acreedora,3,7508.53,160620.8,167258.31,871.02,31/01/2025,Profit Plus Contabilidad
317-02-01-01-,DIFERENCIAS EN COBRANZAS,Acreedora,4,7508.53,160620.8,167258.31,871.02,31/01/2025,Profit Plus Contabilidad
317-02-01-01-01-,DIFERENCIAS EN COBRANZAS,Acreedora,5,7508.53,160620.8,167258.31,871.02,31/01/2025,Profit Plus Contabilidad
317-02-01-01-01-01,DIFERENCIAS EN COBRANZAS,Acreedora,6,7508.53,160620.8,167258.31,871.02,31/01/2025,Profit Plus Contabilidad
317-04-,EGRESOS MICELANEOS,Acreedora,2,352471.2,0,0,352471.2,31/01/2025,Profit Plus Contabilidad
317-04-01-,EGRESOS MICELANEOS,Acreedora,3,352471.2,0,0,352471.2,31/01/2025,Profit Plus Contabilidad
317-04-01-01-,EGRESOS MICELANEOS,Acreedora,4,352471.2,0,0,352471.2,31/01/2025,Profit Plus Contabilidad
317-04-01-01-01-,EGRESOS MICELANEOS,Acreedora,5,352471.2,0,0,352471.2,31/01/2025,Profit Plus Contabilidad
317-04-01-01-01-02,EFECTOS DE AÑOS ANTERIORES,Acreedora,6,352471.2,0,0,352471.2,31/01/2025,Profit Plus Contabilidad
401-,RESERVAS TECNICAS,Acreedora,1,-30549130.58,29248251.11,26756850.86,-28057730.33,31/01/2025,Profit Plus Contabilidad
401-02-,RIESGOS EN CURSO,Acreedora,2,-28431203.11,28431145.99,26756850.86,-26756907.98,31/01/2025,Profit Plus Contabilidad
401-02-01-,NEGOCIOS NACIONALES,Acreedora,3,-28431203.11,28431145.99,26756850.86,-26756907.98,31/01/2025,Profit Plus Contabilidad
401-02-01-01-,NEGOCIOS NACIONALES,Acreedora,4,-28431203.11,28431145.99,26756850.86,-26756907.98,31/01/2025,Profit Plus Contabilidad
401-02-01-01-02-,TRANSPORTE,Acreedora,5,-1705128.97,1705106.77,1198332.12,-1198354.32,31/01/2025,Profit Plus Contabilidad
401-02-01-01-02-01,FACULTATIVO,Acreedora,6,-428698.12,574819.05,428716.8,-428716.8,31/01/2025,Profit Plus Contabilidad
401-02-01-01-02-03,CONTRATO,Acreedora,6,-1276430.85,623513.07,1276389.97,-1276389.97,31/01/2025,Profit Plus Contabilidad
401-02-01-01-03-,INCENDIO,Acreedora,5,-21126378.75,21126451.16,19886016.45,-19885944.04,31/01/2025,Profit Plus Contabilidad
401-02-01-01-03-01,FACULTATIVO,Acreedora,6,-20607847.02,19260101.6,20607959.71,-20607959.71,31/01/2025,Profit Plus Contabilidad
401-02-01-01-03-03,CONTRATO,Acreedora,6,-518531.73,625914.85,518491.45,-518491.45,31/01/2025,Profit Plus Contabilidad
401-02-01-01-04-,ACCIDENTES Y DIVERSOS,Acreedora,5,-5247906.57,5247793.03,5281146.54,-5281260.08,31/01/2025,Profit Plus Contabilidad
401-02-01-01-04-01,FACULTATIVO,Acreedora,6,-3722804.39,3587691.7,3722800.25,-3722800.25,31/01/2025,Profit Plus Contabilidad
401-02-01-01-04-03,CONTRATO,Acreedora,6,-656319.36,643998.39,656277.01,-656277.01,31/01/2025,Profit Plus Contabilidad
401-02-01-01-04-04,CONTRATO NO PROPORCIONAL,Acreedora,6,-868782.82,1049456.45,868715.77,-868715.77,31/01/2025,Profit Plus Contabilidad
401-02-01-01-05-,FIANZA,Acreedora,5,-351788.82,351795.03,391355.75,-391349.54,31/01/2025,Profit Plus Contabilidad
401-02-01-01-05-01,FACULTATIVO,Acreedora,6,-343564.32,378736.96,343571.56,-343571.56,31/01/2025,Profit Plus Contabilidad
401-02-01-01-05-03,CONTRATO,Acreedora,6,-8224.5,12618.79,8223.47,-8223.47,31/01/2025,Profit Plus Contabilidad
401-04-,SINIESTROS PENDIENTES DE PAGO,Acreedora,2,-2040603.58,0,803346.42,-1237257.16,31/01/2025,Profit Plus Contabilidad
401-04-01-,NEGOCIOS NACIONALES,Acreedora,3,-2040603.58,0,803346.42,-1237257.16,31/01/2025,Profit Plus Contabilidad
401-04-01-01-,NEGOCIOS NACIONALES,Acreedora,4,-2040603.58,0,803346.42,-1237257.16,31/01/2025,Profit Plus Contabilidad
401-04-01-01-03-,INCENDIO,Acreedora,5,-2020280.67,0,793979.32,-1226301.35,31/01/2025,Profit Plus Contabilidad
401-04-01-01-03-01,FACULTATIVO,Acreedora,6,-2020280.67,0,793979.32,-1226301.35,31/01/2025,Profit Plus Contabilidad
401-04-01-01-04-,ACCIDENTES Y DIVERSOS,Acreedora,5,-20322.91,0,9367.1,-10955.81,31/01/2025,Profit Plus Contabilidad
401-04-01-01-04-01,FACULTATIVO,Acreedora,6,-20322.91,0,9367.1,-10955.81,31/01/2025,Profit Plus Contabilidad
401-06-,PARA SINIESTROS OCURRIDOS Y NO NOTIFICADOS,Acreedora,2,-2450.04,0,1701.37,-748.67,31/01/2025,Profit Plus Contabilidad
401-06-01-,NEGOCIOS NACIONALES.,Acreedora,3,-2450.04,0,1701.37,-748.67,31/01/2025,Profit Plus Contabilidad
401-06-01-01-,NEGOCIOS NACIONALES.,Acreedora,4,-2450.04,0,1701.37,-748.67,31/01/2025,Profit Plus Contabilidad
401-06-01-01-03-,INCENDIO,Acreedora,5,-2450.04,0,1701.37,-748.67,31/01/2025,Profit Plus Contabilidad
401-06-01-01-03-01,FACULTATIVO,Acreedora,6,-2450.04,0,1701.37,-748.67,31/01/2025,Profit Plus Contabilidad
401-07-,PARA RIESGOS CATASTROFICOS,Acreedora,2,-74873.85,0,12057.33,-62816.52,31/01/2025,Profit Plus Contabilidad
401-07-07-,OTROS RIESGOS CATASTRÓFICOS,Acreedora,3,-74873.85,0,12057.33,-62816.52,31/01/2025,Profit Plus Contabilidad
401-07-07-01-,OTROS RIESGOS CATASTRÓFICOS,Acreedora,4,-74873.85,0,12057.33,-62816.52,31/01/2025,Profit Plus Contabilidad
401-07-07-01-01-,OTROS RIESGOS CATASTRÓFICOS,Acreedora,5,-74873.85,0,12057.33,-62816.52,31/01/2025,Profit Plus Contabilidad
401-07-07-01-01-01,FACULTATIVO,Acreedora,6,-73022.16,0,12057.33,-60964.83,31/01/2025,Profit Plus Contabilidad
401-07-07-01-01-03,CONTRATO,Acreedora,6,-1851.69,0,0,-1851.69,31/01/2025,Profit Plus Contabilidad
403-,CUENTAS ACREEDORAS POR REASEGUROS,Acreedora,1,-7097995.18,18453397.53,16702742.27,-5347339.92,31/01/2025,Profit Plus Contabilidad
403-01-,CUENTAS CORRIENTES CON REASEGURADAS,Acreedora,2,0,947318.09,947318.09,0,31/01/2025,Profit Plus Contabilidad
403-01-01-,DEL PAIS,Acreedora,3,0,947318.09,947318.09,0,31/01/2025,Profit Plus Contabilidad
403-01-01-01-,DEL PAIS,Acreedora,4,0,947318.09,947318.09,0,31/01/2025,Profit Plus Contabilidad
403-01-01-01-01-,DEL PAIS,Acreedora,5,0,947318.09,947318.09,0,31/01/2025,Profit Plus Contabilidad
403-01-01-01-01-01,FACULTATIVO,Acreedora,6,0,619587.13,619587.13,0,31/01/2025,Profit Plus Contabilidad
403-01-01-01-01-03,CONTRATO,Acreedora,6,0,327730.96,327730.96,0,31/01/2025,Profit Plus Contabilidad
403-02-,CUENTA CORRIENTE CON RETROCESIONARIO,Acreedora,2,0,7881189.29,7881189.29,0,31/01/2025,Profit Plus Contabilidad
403-02-01-,DEL PAIS,Acreedora,3,0,7881189.29,7881189.29,0,31/01/2025,Profit Plus Contabilidad
403-02-01-01-,DEL PAIS,Acreedora,4,0,7881189.29,7881189.29,0,31/01/2025,Profit Plus Contabilidad
403-02-01-01-01-,DEL PAIS,Acreedora,5,0,7881189.29,7881189.29,0,31/01/2025,Profit Plus Contabilidad
403-02-01-01-01-01,FACULTATIVO,Acreedora,6,0,7881189.29,7881189.29,0,31/01/2025,Profit Plus Contabilidad
403-03-,CTAS.CORRIENTES C/INTERMED. DE REASEGUROS,Acreedora,2,-7097995.18,9624890.15,7874234.89,-5347339.92,31/01/2025,Profit Plus Contabilidad
403-03-01-,DEL PAIS,Acreedora,3,-7097995.18,9624890.15,7874234.89,-5347339.92,31/01/2025,Profit Plus Contabilidad
403-03-01-01-,DEL PAIS,Acreedora,4,-7097995.18,9624890.15,7874234.89,-5347339.92,31/01/2025,Profit Plus Contabilidad
403-03-01-01-01-,DEL PAIS,Acreedora,5,-7097995.18,9624890.15,7874234.89,-5347339.92,31/01/2025,Profit Plus Contabilidad
403-03-01-01-01-03,CONTRATO,Acreedora,6,-7097995.18,9624890.15,7874234.89,-5347339.92,31/01/2025,Profit Plus Contabilidad
404-,CUENTAS ACREEDORAS DIVERSAS,Acreedora,1,-2766278.66,5043828.81,4557746.64,-2280196.49,31/01/2025,Profit Plus Contabilidad
404-02-,GASTOS POR PAGAR,Acreedora,2,-767978.91,3618447.6,3451686.87,-601218.18,31/01/2025,Profit Plus Contabilidad
404-02-01-,GASTOS POR PAGAR,Acreedora,3,-767978.91,3618447.6,3451686.87,-601218.18,31/01/2025,Profit Plus Contabilidad
404-02-01-01-,GASTOS POR PAGAR,Acreedora,4,-767978.91,3618447.6,3451686.87,-601218.18,31/01/2025,Profit Plus Contabilidad
404-02-01-01-01-,GASTOS POR PAGAR,Acreedora,5,-767978.91,3618447.6,3451686.87,-601218.18,31/01/2025,Profit Plus Contabilidad
404-02-01-01-01-01,GASTOS POR PAGAR,Acreedora,6,-767978.91,3618447.6,3451686.87,-601218.18,31/01/2025,Profit Plus Contabilidad
404-04-,IMPUESTOS Y CONTRIBUCIONES POR PAGAR,Acreedora,2,-990292.11,1001709.56,699732.95,-688315.5,31/01/2025,Profit Plus Contabilidad
404-04-01-,IMPUESTO SOBRE LA RENTA,Acreedora,3,-622078.47,753681.34,589593.94,-457991.07,31/01/2025,Profit Plus Contabilidad
404-04-01-02-,RETENCIONES AL PERSONAL,Acreedora,4,-60.62,60.64,5.41,-5.39,31/01/2025,Profit Plus Contabilidad
404-04-01-02-01-,RETENCIONES AL PERSONAL,Acreedora,5,-60.62,60.64,5.41,-5.39,31/01/2025,Profit Plus Contabilidad
404-04-01-02-01-01,RETENCION ISLR AL PERSONAL,Acreedora,6,-60.62,60.64,5.41,-5.39,31/01/2025,Profit Plus Contabilidad
404-04-01-05-,OTROS,Acreedora,4,-622017.85,753620.7,589588.53,-457985.68,31/01/2025,Profit Plus Contabilidad
404-04-01-05-01-,OTROS,Acreedora,5,-622017.85,753620.7,589588.53,-457985.68,31/01/2025,Profit Plus Contabilidad
404-04-01-05-01-01,ISLR  RETENIDOS A TERCEROS,Acreedora,6,-84130.5,83783.75,21824.36,-22171.11,31/01/2025,Profit Plus Contabilidad
404-04-01-05-01-02,IVA  RETENIDO A TERCEROS,Acreedora,6,-320381.03,320747.99,42161.21,-41794.25,31/01/2025,Profit Plus Contabilidad
404-04-01-05-01-03,IVA  (DEBITO FISCAL),Acreedora,6,-0.04,13146.98,13146.97,-0.03,31/01/2025,Profit Plus Contabilidad
404-04-01-05-01-05,IGTF POR PAGAR,Acreedora,6,-191268.99,309704.69,487473.05,-369037.35,31/01/2025,Profit Plus Contabilidad
404-04-01-05-01-06,LEY DE PROTECCIÓN DE PENSIONES,Acreedora,6,-26237.29,26237.29,24982.94,-24982.94,31/01/2025,Profit Plus Contabilidad
404-04-02-,IMPUESTOS MUNICIPALES,Acreedora,3,-171401.05,171401.05,96365.72,-96365.72,31/01/2025,Profit Plus Contabilidad
404-04-02-01-,IMPUESTOS MUNICIPALES,Acreedora,4,-171401.05,171401.05,96365.72,-96365.72,31/01/2025,Profit Plus Contabilidad
404-04-02-01-01-,IMPUESTOS MUNICIPALES,Acreedora,5,-171401.05,171401.05,96365.72,-96365.72,31/01/2025,Profit Plus Contabilidad
404-04-02-01-01-01,PATENTE MUNICIPAL,Acreedora,6,-171401.05,171401.05,96365.72,-96365.72,31/01/2025,Profit Plus Contabilidad
404-04-03-,CONTRIBUCIONES,Acreedora,3,-196812.59,76627.17,13773.29,-133958.71,31/01/2025,Profit Plus Contabilidad
404-04-03-01-,I.N.C.E,Acreedora,4,-2756.23,2756.28,4944.27,-4944.22,31/01/2025,Profit Plus Contabilidad
404-04-03-01-01-,I.N.C.E,Acreedora,5,-2756.23,2756.28,4944.27,-4944.22,31/01/2025,Profit Plus Contabilidad
404-04-03-01-01-01,I.N.C.E APORTE EMPLEADO,Acreedora,6,-58.11,58.11,0,0,31/01/2025,Profit Plus Contabilidad
404-04-03-01-01-02,I.N.C.E APORTE PATRONAL,Acreedora,6,-2698.12,2698.17,4944.27,-4944.22,31/01/2025,Profit Plus Contabilidad
404-04-03-02-,SEGURO SOCIAL OBLIGATORIO,Acreedora,4,-1599,1599,2223,-2223,31/01/2025,Profit Plus Contabilidad
404-04-03-02-01-,SEGURO SOCIAL OBLIGATORIO,Acreedora,5,-1599,1599,2223,-2223,31/01/2025,Profit Plus Contabilidad
404-04-03-02-01-01,SEGURO SOCIAL OBLIGATORIO APORTE EMPLEADO,Acreedora,6,-492,492,684,-684,31/01/2025,Profit Plus Contabilidad
404-04-03-02-01-02,SEGURO SOCIAL OBLIGATORIO APORTE PATRONAL,Acreedora,6,-1107,1107,1539,-1539,31/01/2025,Profit Plus Contabilidad
404-04-03-03-,LEY DE POLITICA HABITACIONAL,Acreedora,4,-2608.2,2607.85,2478.45,-2478.8,31/01/2025,Profit Plus Contabilidad
404-04-03-03-01-,LEY DE POLITICA HABITACIONAL,Acreedora,5,-2608.2,2607.85,2478.45,-2478.8,31/01/2025,Profit Plus Contabilidad
404-04-03-03-01-01,LEY DE POLITICA HABITACIONAL  APORTE EMPLEADO,Acreedora,6,-869.63,869.32,826.15,-826.46,31/01/2025,Profit Plus Contabilidad
404-04-03-03-01-02,LEY DE POLITICA HABITACIONAL  APORTE PATRONAL,Acreedora,6,-1738.57,1738.53,1652.3,-1652.34,31/01/2025,Profit Plus Contabilidad
404-04-03-04-,SEGURO DE PARO FORZOSO,Acreedora,4,-615,615,855,-855,31/01/2025,Profit Plus Contabilidad
404-04-03-04-01-,SEGURO DE PARO FORZOSO,Acreedora,5,-615,615,855,-855,31/01/2025,Profit Plus Contabilidad
404-04-03-04-01-01,SEGURO DE PARO FORZOSO APORTE EMPLEADO,Acreedora,6,-123,123,171,-171,31/01/2025,Profit Plus Contabilidad
404-04-03-04-01-02,SEGURO DE PARO FORZOSO APORTE PATRONAL,Acreedora,6,-492,492,684,-684,31/01/2025,Profit Plus Contabilidad
404-04-03-09-,DEPORTE,Acreedora,4,-4231.22,0,0,-4231.22,31/01/2025,Profit Plus Contabilidad
404-04-03-09-01-,DEPORTE,Acreedora,5,-4231.22,0,0,-4231.22,31/01/2025,Profit Plus Contabilidad
404-04-03-09-01-01,DEPORTE,Acreedora,6,-4231.22,0,0,-4231.22,31/01/2025,Profit Plus Contabilidad
404-04-03-10-,LEY ORGANICA DE CIENCIAS Y TECNOLOGÍA E INFORMACI,Acreedora,4,-185002.94,69049.04,3272.57,-119226.47,31/01/2025,Profit Plus Contabilidad
404-04-03-10-01-,LEY ORGANICA DE CIENCIAS Y TECNOLOGÍA E INFORMACI,Acreedora,5,-185002.94,69049.04,3272.57,-119226.47,31/01/2025,Profit Plus Contabilidad
404-04-03-10-01-01,LEY ORGANICA DE CIENCIAS Y TECNOLOGÍA E INFORMAC,Acreedora,6,-185002.94,69049.04,3272.57,-119226.47,31/01/2025,Profit Plus Contabilidad
404-07-,CUENTAS POR PAGAR AL PERSONAL,Acreedora,2,-1008007.64,423671.65,406326.82,-990662.81,31/01/2025,Profit Plus Contabilidad
404-07-01-,UTILIDADES Y BONIFICACIONES,Acreedora,3,-316941.48,72116.54,52546.92,-297371.86,31/01/2025,Profit Plus Contabilidad
404-07-01-01-,UTILIDADES Y BONIFICACIONES,Acreedora,4,-316941.48,72116.54,52546.92,-297371.86,31/01/2025,Profit Plus Contabilidad
404-07-01-01-01-,UTILIDADES Y BONIFICACIONES,Acreedora,5,-316941.48,72116.54,52546.92,-297371.86,31/01/2025,Profit Plus Contabilidad
404-07-01-01-01-01,UTILIDADES POR PAGAR,Acreedora,6,-32388,42966,29094,-18516,31/01/2025,Profit Plus Contabilidad
404-07-01-01-01-03,BONO VACACIONAL POR PAGAR,Acreedora,6,-142276.74,14575.27,11726.46,-139427.93,31/01/2025,Profit Plus Contabilidad
404-07-01-01-01-04,VACACIONES POR PAGAR,Acreedora,6,-142276.74,14575.27,11726.46,-139427.93,31/01/2025,Profit Plus Contabilidad
404-07-02-,PRESTACIONES SOCIALES,Acreedora,3,-691066.16,351555.11,353779.9,-693290.95,31/01/2025,Profit Plus Contabilidad
404-07-02-01-,PRESTACIONES SOCIALES,Acreedora,4,-691066.16,351555.11,353779.9,-693290.95,31/01/2025,Profit Plus Contabilidad
404-07-02-01-01-,PRESTACIONES SOCIALES,Acreedora,5,-691066.16,351555.11,353779.9,-693290.95,31/01/2025,Profit Plus Contabilidad
404-07-02-01-01-01,PRESTACIONES SOCIALES,Acreedora,6,-604053.72,342545.3,346109.83,-607618.25,31/01/2025,Profit Plus Contabilidad
404-07-02-01-01-02,INTERESES S/PRESTACIONES SOCIALES,Acreedora,6,-87012.44,9009.81,7670.07,-85672.7,31/01/2025,Profit Plus Contabilidad
405-,PASIVOS TRANSITORIOS,Acreedora,1,-36103577.36,125819005.1,104982775,-15267347.22,31/01/2025,Profit Plus Contabilidad
405-01-,CREDITOS DIFERIDOS P/REASEGURO ACEPTADO,Acreedora,2,-36058812.88,109055025.3,88234782.14,-15238569.68,31/01/2025,Profit Plus Contabilidad
405-01-01-,AJUSTE PROVISIONAL DE RESERVAS,Acreedora,3,-36058812.88,109055025.3,88234782.14,-15238569.68,31/01/2025,Profit Plus Contabilidad
405-01-01-01-,AJUSTE PROVISIONAL DE RESERVAS,Acreedora,4,-36058812.88,109055025.3,88234782.14,-15238569.68,31/01/2025,Profit Plus Contabilidad
405-01-01-01-01-,AJUSTE PROVISIONAL DE RESERVAS,Acreedora,5,-36058812.88,109055025.3,88234782.14,-15238569.68,31/01/2025,Profit Plus Contabilidad
405-01-01-01-01-02,CREDITOS DIFERIDOS P/REASEGURO ACEPTADO CONTRA,Acreedora,6,-22151074.38,81218153.13,61924841.75,-2857763,31/01/2025,Profit Plus Contabilidad
405-01-01-01-01-03,CREDITOS DIFERIDOS P/REASEGURO ACEPTADO CONTRA,Acreedora,6,-13907738.5,27836872.21,26309940.39,-12380806.68,31/01/2025,Profit Plus Contabilidad
405-02-,OTROS CREDITOS DIFERIDOS,Acreedora,2,-44764.48,16763979.8,16747992.86,-28777.54,31/01/2025,Profit Plus Contabilidad
405-02-02-,OPERACIONES EN PROCESO,Acreedora,3,-44764.48,16763979.8,16747992.86,-28777.54,31/01/2025,Profit Plus Contabilidad
405-02-02-01-,OPERACIONES EN PROCESO,Acreedora,4,-44764.48,16763979.8,16747992.86,-28777.54,31/01/2025,Profit Plus Contabilidad
405-02-02-01-01-,OPERACIONES EN PROCESO,Acreedora,5,-44764.48,16763979.8,16747992.86,-28777.54,31/01/2025,Profit Plus Contabilidad
405-02-02-01-01-01,OPERACIONES EN PROCESO,Acreedora,6,-44764.48,16307074.21,16291087.27,-28777.54,31/01/2025,Profit Plus Contabilidad
405-02-02-01-01-02,NOMINA POR PAGAR,Acreedora,6,0,456905.59,456905.59,0,31/01/2025,Profit Plus Contabilidad
406-,OTROS PASIVOS,Acreedora,1,-271083.8,29762.6,0,-241321.2,31/01/2025,Profit Plus Contabilidad
406-01-,DEPOSITOS P/CONTRATOS DE ARRENDAMIENTOS,Acreedora,2,-271083.8,29762.6,0,-241321.2,31/01/2025,Profit Plus Contabilidad
406-01-01-,DEPOSITOS P/CONTRATOS DE ARRENDAMIENTOS,Acreedora,3,-271083.8,29762.6,0,-241321.2,31/01/2025,Profit Plus Contabilidad
406-01-01-01-,DEPOSITOS P/CONTRATOS DE ARRENDAMIENTOS,Acreedora,4,-271083.8,29762.6,0,-241321.2,31/01/2025,Profit Plus Contabilidad
406-01-01-01-01-,DEPOSITOS P/CONTRATOS DE ARRENDAMIENTOS,Acreedora,5,-271083.8,29762.6,0,-241321.2,31/01/2025,Profit Plus Contabilidad
406-01-01-01-01-01,DEPOSITOS P/CONTRATOS DE ARRENDAMIENTOS,Acreedora,6,-271083.8,29762.6,0,-241321.2,31/01/2025,Profit Plus Contabilidad
407-,RESERVAS DE PREVISION,Acreedora,1,-541617.6,365279.01,174223.03,-350561.62,31/01/2025,Profit Plus Contabilidad
407-02-,OTROS FINES,Acreedora,2,-541617.6,365279.01,174223.03,-350561.62,31/01/2025,Profit Plus Contabilidad
407-02-01-,FLUCTUACION DE CAMBIOS,Acreedora,3,-541617.6,365279.01,174223.03,-350561.62,31/01/2025,Profit Plus Contabilidad
407-02-01-01-,SOBRE ACTIVOS,Acreedora,4,-5537.63,42931.39,165680,-128286.24,31/01/2025,Profit Plus Contabilidad
407-02-01-01-01-,VALORES PÚBLICOS,Acreedora,5,-5537.63,42931.39,165680,-128286.24,31/01/2025,Profit Plus Contabilidad
407-02-01-01-01-01,VALORES PÚBLICOS,Acreedora,6,-5537.63,42931.39,165680,-128286.24,31/01/2025,Profit Plus Contabilidad
407-02-01-02-,SOBRE OPERACIONES TÉCNICAS,Acreedora,4,-536079.97,322347.62,8543.03,-222275.38,31/01/2025,Profit Plus Contabilidad
407-02-01-02-01-,RESERVAS TÉCNICAS,Acreedora,5,-536079.97,322347.62,8543.03,-222275.38,31/01/2025,Profit Plus Contabilidad
407-02-01-02-01-02,RIESGOS EN CURSO,Acreedora,6,-509667.21,314430.97,0,-195236.24,31/01/2025,Profit Plus Contabilidad
407-02-01-02-01-03,RESERVA PARA SINIESTROS PENDIENTES,Acreedora,6,-2864.43,0,8543.03,-11407.46,31/01/2025,Profit Plus Contabilidad
407-02-01-02-01-04,RESERVA PARA SINIESTROS NO NOTIFICADOS,Acreedora,6,-598.51,482.56,0,-115.95,31/01/2025,Profit Plus Contabilidad
407-02-01-02-01-05,RESERVAS PARA RIESGOS CATASTRÓFICOS,Acreedora,6,-22949.82,7434.09,0,-15515.73,31/01/2025,Profit Plus Contabilidad
408-,"RESERVAS DE DEPRECIACIONES,AMORTIZACIONES Y DEV",Acreedora,1,-892776.6,67095.97,0,-825680.63,31/01/2025,Profit Plus Contabilidad
408-01-,DEPRECIACION ACUMULADA BIENES MUEBLES,Acreedora,2,-318434.09,27747.74,0,-290686.35,31/01/2025,Profit Plus Contabilidad
408-01-01-,MOBILIARIO,Acreedora,3,-3272.43,1090.81,0,-2181.62,31/01/2025,Profit Plus Contabilidad
408-01-01-01-,MOBILIARIO,Acreedora,4,-3272.43,1090.81,0,-2181.62,31/01/2025,Profit Plus Contabilidad
408-01-01-01-01-,MOBILIARIO,Acreedora,5,-3272.43,1090.81,0,-2181.62,31/01/2025,Profit Plus Contabilidad
408-01-01-01-01-01,MOBILIARIO,Acreedora,6,-3272.43,1090.81,0,-2181.62,31/01/2025,Profit Plus Contabilidad
408-01-02-,EQUIPO DE OFICINA,Acreedora,3,-6155.04,581.91,0,-5573.13,31/01/2025,Profit Plus Contabilidad
408-01-02-01-,EQUIPO DE OFICINA,Acreedora,4,-6155.04,581.91,0,-5573.13,31/01/2025,Profit Plus Contabilidad
408-01-02-01-01-,EQUIPO DE OFICINA,Acreedora,5,-6155.04,581.91,0,-5573.13,31/01/2025,Profit Plus Contabilidad
408-01-02-01-01-01,EQUIPO DE OFICINA,Acreedora,6,-6155.04,581.91,0,-5573.13,31/01/2025,Profit Plus Contabilidad
408-01-03-,EQUIPOS DE COMPUTACION,Acreedora,3,-309006.62,26075.02,0,-282931.6,31/01/2025,Profit Plus Contabilidad
408-01-03-01-,EQUIPOS DE COMPUTACION,Acreedora,4,-309006.62,26075.02,0,-282931.6,31/01/2025,Profit Plus Contabilidad
408-01-03-01-01-,EQUIPOS DE COMPUTACION,Acreedora,5,-309006.62,26075.02,0,-282931.6,31/01/2025,Profit Plus Contabilidad
408-01-03-01-01-01,EQUIPOS DE COMPUTACION,Acreedora,6,-309006.62,26075.02,0,-282931.6,31/01/2025,Profit Plus Contabilidad
408-03-,DEPRECIACION ACUMULADA BIENES INMUEBLES,Acreedora,2,-574342.51,39348.23,0,-534994.28,31/01/2025,Profit Plus Contabilidad
408-03-01-,PREDIOS URBANOS EDIFICADOS,Acreedora,3,-574342.51,39348.23,0,-534994.28,31/01/2025,Profit Plus Contabilidad
408-03-01-01-,PREDIOS URBANOS EDIFICADOS,Acreedora,4,-574342.51,39348.23,0,-534994.28,31/01/2025,Profit Plus Contabilidad
408-03-01-01-01-,PREDIOS URBANOS EDIFICADOS,Acreedora,5,-574342.51,39348.23,0,-534994.28,31/01/2025,Profit Plus Contabilidad
408-03-01-01-01-01,PREDIOS URBANOS EDIFICADOS,Acreedora,6,-30083.84,643.85,0,-29439.99,31/01/2025,Profit Plus Contabilidad
408-03-01-01-01-02,PREDIOS URBANOS EDIFICADOS (AVALUO),Acreedora,6,-544258.67,38704.38,0,-505554.29,31/01/2025,Profit Plus Contabilidad
409-,CAPITAL SOCIAL SUSCRITO,Acreedora,1,-47623497,0,0,-47623497,31/01/2025,Profit Plus Contabilidad
409-01-,CAPITAL SOCIAL SUSCRITO,Acreedora,2,-47623497,0,0,-47623497,31/01/2025,Profit Plus Contabilidad
409-01-01-,CAPITAL SOCIAL SUSCRITO,Acreedora,3,-47623497,0,0,-47623497,31/01/2025,Profit Plus Contabilidad
409-01-01-01-,CAPITAL SOCIAL SUSCRITO,Acreedora,4,-47623497,0,0,-47623497,31/01/2025,Profit Plus Contabilidad
409-01-01-01-01-,CAPITAL SOCIAL SUSCRITO,Acreedora,5,-47623497,0,0,-47623497,31/01/2025,Profit Plus Contabilidad
409-01-01-01-01-01,CAPITAL SOCIAL SUSCRITO,Acreedora,6,-47623497,0,0,-47623497,31/01/2025,Profit Plus Contabilidad
410-,RESERVAS DE SUPERAVIT,Acreedora,1,-11896586.66,0,38704.38,-11935291.04,31/01/2025,Profit Plus Contabilidad
410-01-,SUPERAVIT GANADO,Acreedora,2,-829541.65,0,0,-829541.65,31/01/2025,Profit Plus Contabilidad
410-01-01-,RESERVA LEGAL,Acreedora,3,-41477.08,0,0,-41477.08,31/01/2025,Profit Plus Contabilidad
410-01-01-01-,RESERVA LEGAL,Acreedora,4,-41477.08,0,0,-41477.08,31/01/2025,Profit Plus Contabilidad
410-01-01-01-01-,RESERVA LEGAL,Acreedora,5,-41477.08,0,0,-41477.08,31/01/2025,Profit Plus Contabilidad
410-01-01-01-01-01,RESERVA LEGAL,Acreedora,6,-41477.08,0,0,-41477.08,31/01/2025,Profit Plus Contabilidad
410-01-05-,UTILIDADES NO DISTRIBUIDAS,Acreedora,3,-788064.57,0,0,-788064.57,31/01/2025,Profit Plus Contabilidad
410-01-05-01-,UTILIDADES NO DISTRIBUIDAS,Acreedora,4,-788064.57,0,0,-788064.57,31/01/2025,Profit Plus Contabilidad
410-01-05-01-01-,UTILIDADES NO DISTRIBUIDAS,Acreedora,5,-788064.57,0,0,-788064.57,31/01/2025,Profit Plus Contabilidad
410-01-05-01-01-01,UTILIDADES NO DISTRIBUIDAS,Acreedora,6,-788064.57,0,0,-788064.57,31/01/2025,Profit Plus Contabilidad
410-02-,SUPERAVIT NO REALIZADO,Acreedora,2,-11067045.01,0,38704.38,-11105749.39,31/01/2025,Profit Plus Contabilidad
410-02-02-,RESERVAS PARA REVALORIZACION DE INMUEBLES,Acreedora,3,-11067045.01,0,38704.38,-11105749.39,31/01/2025,Profit Plus Contabilidad
410-02-02-01-,PREDIOS URBANOS EDIFICADOS,Acreedora,4,-11067045.01,0,38704.38,-11105749.39,31/01/2025,Profit Plus Contabilidad
410-02-02-01-01-,PREDIOS URBANOS EDIFICADOS,Acreedora,5,-11067045.01,0,38704.38,-11105749.39,31/01/2025,Profit Plus Contabilidad
410-02-02-01-01-01,PREDIOS URBANOS EDIFICADOS,Acreedora,6,-11067045.01,0,38704.38,-11105749.39,31/01/2025,Profit Plus Contabilidad
414-,CUENTAS DE ORDEN,Acreedora,1,-51426146.18,108613982.5,106060242.1,-48872405.74,31/01/2025,Profit Plus Contabilidad
414-01-,PRIMAS EMITIDAS AL COBRO,Acreedora,2,-51426146.18,108613982.5,106060242.1,-48872405.74,31/01/2025,Profit Plus Contabilidad
414-01-01-,PRIMAS EMITIDAS AL COBRO,Acreedora,3,-51426146.18,108613982.5,106060242.1,-48872405.74,31/01/2025,Profit Plus Contabilidad
414-01-01-01-,PRIMAS EMITIDAS AL COBRO,Acreedora,4,-51426146.18,108613982.5,106060242.1,-48872405.74,31/01/2025,Profit Plus Contabilidad
414-01-01-01-01-,PRIMAS EMITIDAS AL COBRO,Acreedora,5,-51426146.18,108613982.5,106060242.1,-48872405.74,31/01/2025,Profit Plus Contabilidad
414-01-01-01-01-01,PRIMAS EMITIDAS AL COBRO FACULTATIVO,Acreedora,6,-12174410.63,67260472.69,58955185.23,-3869123.17,31/01/2025,Profit Plus Contabilidad
414-01-01-01-01-02,NEGOCIOS ACEPTADOS,Acreedora,6,-39251735.55,39251735.55,45003282.57,-45003282.57,31/01/2025,Profit Plus Contabilidad
414-01-01-01-01-03,PRIMAS EMITIDAS AL COBRO CONTRATO,Acreedora,6,0,2101774.25,2101774.25,0,31/01/2025,Profit Plus Contabilidad
501-,PRIMAS,Deudora,1,-82278840.36,0,15018082.54,-67260757.82,31/01/2025,Profit Plus Contabilidad
501-01-,NEGOCIOS NACIONALES,Deudora,2,-82278840.36,0,15018082.54,-67260757.82,31/01/2025,Profit Plus Contabilidad
501-01-02-,TRANSPORTE,Deudora,3,-12425263.6,0,4012941.32,-8412322.28,31/01/2025,Profit Plus Contabilidad
501-01-02-01-,TRANSPORTE,Deudora,4,-12425263.6,0,4012941.32,-8412322.28,31/01/2025,Profit Plus Contabilidad
501-01-02-01-01-,TRANSPORTE,Deudora,5,-12425263.6,0,4012941.32,-8412322.28,31/01/2025,Profit Plus Contabilidad
501-01-02-01-01-01,FACULTATIVO,Deudora,6,-2531261.36,0,128240.48,-2403020.88,31/01/2025,Profit Plus Contabilidad
501-01-02-01-01-03,CONTRATO,Deudora,6,-9894002.24,0,3884700.84,-6009301.4,31/01/2025,Profit Plus Contabilidad
501-01-03-,INCENDIO,Deudora,3,-52322145.15,0,9366703.04,-42955442.11,31/01/2025,Profit Plus Contabilidad
501-01-03-01-,INCENDIO,Deudora,4,-52322145.15,0,9366703.04,-42955442.11,31/01/2025,Profit Plus Contabilidad
501-01-03-01-01-,INCENDIO,Deudora,5,-52322145.15,0,9366703.04,-42955442.11,31/01/2025,Profit Plus Contabilidad
501-01-03-01-01-01,FACULTATIVO,Deudora,6,-40071180.14,0,8823426.88,-31247753.26,31/01/2025,Profit Plus Contabilidad
501-01-03-01-01-03,CONTRATO,Deudora,6,-12250965.01,0,543276.16,-11707688.85,31/01/2025,Profit Plus Contabilidad
501-01-04-,ACCIDENTES Y DIVERSOS,Deudora,3,-16749684.23,0,1638438.18,-15111246.05,31/01/2025,Profit Plus Contabilidad
501-01-04-01-,ACCIDENTES Y DIVERSOS,Deudora,4,-16749684.23,0,1638438.18,-15111246.05,31/01/2025,Profit Plus Contabilidad
501-01-04-01-01-,ACCIDENTES Y DIVERSOS,Deudora,5,-16749684.23,0,1638438.18,-15111246.05,31/01/2025,Profit Plus Contabilidad
501-01-04-01-01-01,FACULTATIVO,Deudora,6,-5624278.8,0,1016071,-4608207.8,31/01/2025,Profit Plus Contabilidad
501-01-04-01-01-03,CONTRATO,Deudora,6,-5959934.05,0,622367.18,-5337566.87,31/01/2025,Profit Plus Contabilidad
501-01-04-01-01-04,CONTRATO NO PROPORCIONAL,Deudora,6,-5165471.38,0,0,-5165471.38,31/01/2025,Profit Plus Contabilidad
501-01-05-,FIANZA,Deudora,3,-781747.38,0,0,-781747.38,31/01/2025,Profit Plus Contabilidad
501-01-05-01-,FIANZA,Deudora,4,-781747.38,0,0,-781747.38,31/01/2025,Profit Plus Contabilidad
501-01-05-01-01-,FIANZA,Deudora,5,-781747.38,0,0,-781747.38,31/01/2025,Profit Plus Contabilidad
501-01-05-01-01-01,FACULTATIVO,Deudora,6,-645914.89,0,0,-645914.89,31/01/2025,Profit Plus Contabilidad
501-01-05-01-01-03,CONTRATO,Deudora,6,-135832.49,0,0,-135832.49,31/01/2025,Profit Plus Contabilidad
502-,PRESTACIONES Y SINIESTROS A CARGO DE RETROCESIONARIOS,Deudora,1,-8213334.75,1472905.26,736452.63,-7476882.12,31/01/2025,Profit Plus Contabilidad
502-01-,PRESTACIONES A CARGO DE RETROCESIONARIOS,Deudora,2,0,736452.63,736452.63,0,31/01/2025,Profit Plus Contabilidad
502-01-01-,DEL PAIS,Deudora,3,0,736452.63,736452.63,0,31/01/2025,Profit Plus Contabilidad
502-01-01-02-,NEGOCIOS EXTRANJEROS,Deudora,4,0,20378.07,20378.07,0,31/01/2025,Profit Plus Contabilidad
502-01-01-02-01-,VIDA,Deudora,5,0,20378.07,20378.07,0,31/01/2025,Profit Plus Contabilidad
502-01-01-02-01-01,FACULTATIVO,Deudora,6,0,20378.07,20378.07,0,31/01/2025,Profit Plus Contabilidad
502-01-01-03-,INCENDIO,Deudora,4,0,716074.56,716074.56,0,31/01/2025,Profit Plus Contabilidad
502-01-01-03-01-,INCENDIO,Deudora,5,0,716074.56,716074.56,0,31/01/2025,Profit Plus Contabilidad
502-01-01-03-01-01,FACULTATIVO,Deudora,6,0,716074.56,716074.56,0,31/01/2025,Profit Plus Contabilidad
502-02-,SINIESTROS A CARGO DE RETROCESIONARIOS,Deudora,2,-8213334.75,736452.63,0,-7476882.12,31/01/2025,Profit Plus Contabilidad
502-02-01-,DEL PAIS,Deudora,3,-8213334.75,736452.63,0,-7476882.12,31/01/2025,Profit Plus Contabilidad
502-02-01-01-,NEGOCIOS NACIONALES,Deudora,4,-8213334.75,736452.63,0,-7476882.12,31/01/2025,Profit Plus Contabilidad
502-02-01-01-02-,TRANSPORTE,Deudora,5,-74857.96,20378.07,0,-54479.89,31/01/2025,Profit Plus Contabilidad
502-02-01-01-02-01,FACULTATIVO,Deudora,6,-74857.96,20378.07,0,-54479.89,31/01/2025,Profit Plus Contabilidad
502-02-01-01-03-,INCENDIO,Deudora,5,-6196756.77,716074.56,0,-5480682.21,31/01/2025,Profit Plus Contabilidad
502-02-01-01-03-01,FACULTATIVO,Deudora,6,-6196756.77,716074.56,0,-5480682.21,31/01/2025,Profit Plus Contabilidad
502-02-01-01-04-,ACCIDENTES Y DIVERSOS,Deudora,5,-1941720.02,0,0,-1941720.02,31/01/2025,Profit Plus Contabilidad
502-02-01-01-04-01,FACULTATIVOS,Deudora,6,-1941720.02,0,0,-1941720.02,31/01/2025,Profit Plus Contabilidad
503-,GASTOS OPERACIONALES REEMBOLSADOS POR RETROC,Deudora,1,-20468859.16,8037179.32,4018589.66,-16450269.5,31/01/2025,Profit Plus Contabilidad
503-01-,DEL PAIS,Deudora,2,0,4018589.66,4018589.66,0,31/01/2025,Profit Plus Contabilidad
503-01-01-,NEGOCIOS NACIONALES,Deudora,3,0,4018589.66,4018589.66,0,31/01/2025,Profit Plus Contabilidad
503-01-01-02-,TRANSPORTE,Deudora,4,0,799591.64,799591.64,0,31/01/2025,Profit Plus Contabilidad
503-01-01-02-02-,COMISIONES,Deudora,5,0,748043.12,748043.12,0,31/01/2025,Profit Plus Contabilidad
503-01-01-02-02-01,COMISIONES,Deudora,6,0,748043.12,748043.12,0,31/01/2025,Profit Plus Contabilidad
503-01-01-02-04-,IMPUESTOS,Deudora,5,0,51548.52,51548.52,0,31/01/2025,Profit Plus Contabilidad
503-01-01-02-04-01,IMPUESTOS,Deudora,6,0,51548.52,51548.52,0,31/01/2025,Profit Plus Contabilidad
503-01-01-03-,INCENDIO,Deudora,4,0,2778923.37,2778923.37,0,31/01/2025,Profit Plus Contabilidad
503-01-01-03-02-,COMISIONES,Deudora,5,0,2628252.58,2628252.58,0,31/01/2025,Profit Plus Contabilidad
503-01-01-03-02-01,COMISIONES,Deudora,6,0,2628252.58,2628252.58,0,31/01/2025,Profit Plus Contabilidad
503-01-01-03-04-,IMPUESTOS,Deudora,5,0,150670.79,150670.79,0,31/01/2025,Profit Plus Contabilidad
503-01-01-03-04-01,IMPUESTOS,Deudora,6,0,150670.79,150670.79,0,31/01/2025,Profit Plus Contabilidad
503-01-01-04-,ACCIDENTES Y DIVERSOS,Deudora,4,0,440074.65,440074.65,0,31/01/2025,Profit Plus Contabilidad
503-01-01-04-02-,COMISIONES,Deudora,5,0,414143.76,414143.76,0,31/01/2025,Profit Plus Contabilidad
503-01-01-04-02-01,COMISIONES,Deudora,6,0,414143.76,414143.76,0,31/01/2025,Profit Plus Contabilidad
503-01-01-04-04-,IMPUESTOS,Deudora,5,0,25930.89,25930.89,0,31/01/2025,Profit Plus Contabilidad
503-01-01-04-04-01,IMPUESTOS,Deudora,6,0,25930.89,25930.89,0,31/01/2025,Profit Plus Contabilidad
503-02-,DEL EXTERIOR,Deudora,2,-20468859.16,4018589.66,0,-16450269.5,31/01/2025,Profit Plus Contabilidad
503-02-01-,NEGOCIOS NACIONALES,Deudora,3,-20468859.16,4018589.66,0,-16450269.5,31/01/2025,Profit Plus Contabilidad
503-02-01-02-,TRANSPORTE,Deudora,4,-2353939.34,799591.64,0,-1554347.7,31/01/2025,Profit Plus Contabilidad
503-02-01-02-01-,TRANSPORTE,Deudora,5,-2353939.34,799591.64,0,-1554347.7,31/01/2025,Profit Plus Contabilidad
503-02-01-02-01-01,FACULTATIVO,Deudora,6,-2302390.82,748043.12,0,-1554347.7,31/01/2025,Profit Plus Contabilidad
503-02-01-02-01-04,CONTRATO NO PROPORCIONAL,Deudora,6,-51548.52,51548.52,0,0,31/01/2025,Profit Plus Contabilidad
503-02-01-03-,INCENDIO,Deudora,4,-14404786.54,2778923.37,0,-11625863.17,31/01/2025,Profit Plus Contabilidad
503-02-01-03-01-,INCENDIO,Deudora,5,-14404786.54,2778923.37,0,-11625863.17,31/01/2025,Profit Plus Contabilidad
503-02-01-03-01-01,FACULTATIVO,Deudora,6,-14254115.75,2628252.58,0,-11625863.17,31/01/2025,Profit Plus Contabilidad
503-02-01-03-01-04,CONTRATO NO PROPORCIONAL,Deudora,6,-150670.79,150670.79,0,0,31/01/2025,Profit Plus Contabilidad
503-02-01-04-,ACCIDENTES Y DIVERSOS,Deudora,4,-3533847.83,440074.65,0,-3093773.18,31/01/2025,Profit Plus Contabilidad
503-02-01-04-01-,ACCIDENTES Y DIVERSOS,Deudora,5,-3533847.83,440074.65,0,-3093773.18,31/01/2025,Profit Plus Contabilidad
503-02-01-04-01-01,FACULTATIVO,Deudora,6,-3533847.83,440074.65,0,-3093773.18,31/01/2025,Profit Plus Contabilidad
503-02-01-05-,FIANZAS,Deudora,4,-176285.45,0,0,-176285.45,31/01/2025,Profit Plus Contabilidad
503-02-01-05-01-,FIANZAS,Deudora,5,-176285.45,0,0,-176285.45,31/01/2025,Profit Plus Contabilidad
503-02-01-05-01-01,FACULTATIVO,Deudora,6,-176285.45,0,0,-176285.45,31/01/2025,Profit Plus Contabilidad
506-,RESERVAS DE PRIMAS,Deudora,1,0,27087226.42,29511077.4,-2423850.98,31/01/2025,Profit Plus Contabilidad
506-01-,NEGOCIOS NACIONALES,Deudora,2,0,27087226.42,29511077.4,-2423850.98,31/01/2025,Profit Plus Contabilidad
506-01-02-,TRANSPORTE,Deudora,3,0,1551558.02,2547076.08,-995518.06,31/01/2025,Profit Plus Contabilidad
506-01-02-01-,TRANSPORTE,Deudora,4,0,1551558.02,2547076.08,-995518.06,31/01/2025,Profit Plus Contabilidad
506-01-02-01-01-,TRANSPORTE,Deudora,5,0,1551558.02,2547076.08,-995518.06,31/01/2025,Profit Plus Contabilidad
506-01-02-01-01-01,FACULTATIVO,Deudora,6,0,399343.78,844928.67,-445584.89,31/01/2025,Profit Plus Contabilidad
506-01-02-01-01-03,CONTRATO,Deudora,6,0,1152214.24,1702147.41,-549933.17,31/01/2025,Profit Plus Contabilidad
506-01-03-,INCENDIO,Deudora,3,0,20323127.34,20639493.95,-316366.61,31/01/2025,Profit Plus Contabilidad
506-01-03-01-,INCENDIO,Deudora,4,0,20323127.34,20639493.95,-316366.61,31/01/2025,Profit Plus Contabilidad
506-01-03-01-01-,INCENDIO,Deudora,5,0,20323127.34,20639493.95,-316366.61,31/01/2025,Profit Plus Contabilidad
506-01-03-01-01-01,FACULTATIVO,Deudora,6,0,19850020.11,19850020.11,0,31/01/2025,Profit Plus Contabilidad
506-01-03-01-01-03,CONTRATO,Deudora,6,0,473107.23,789473.84,-316366.61,31/01/2025,Profit Plus Contabilidad
506-01-04-,ACCIDENTES Y DIVERSOS,Deudora,3,0,4861552.16,5583406,-721853.84,31/01/2025,Profit Plus Contabilidad
506-01-04-01-,ACCIDENTES Y DIVERSOS,Deudora,4,0,4861552.16,5583406,-721853.84,31/01/2025,Profit Plus Contabilidad
506-01-04-01-01-,ACCIDENTES Y DIVERSOS,Deudora,5,0,4861552.16,5583406,-721853.84,31/01/2025,Profit Plus Contabilidad
506-01-04-01-01-01,FACULTATIVO,Deudora,6,0,3469836.03,3469836.03,0,31/01/2025,Profit Plus Contabilidad
506-01-04-01-01-03,CONTRATO,Deudora,6,0,591854.14,802832.08,-210977.94,31/01/2025,Profit Plus Contabilidad
506-01-04-01-01-04,CONTRATO NO PROPORCIONAL,Deudora,6,0,799861.99,1310737.89,-510875.9,31/01/2025,Profit Plus Contabilidad
506-01-05-,FIANZA,Deudora,3,0,350988.9,741101.37,-390112.47,31/01/2025,Profit Plus Contabilidad
506-01-05-01-,FIANZA,Deudora,4,0,350988.9,741101.37,-390112.47,31/01/2025,Profit Plus Contabilidad
506-01-05-01-01-,FIANZA,Deudora,5,0,350988.9,741101.37,-390112.47,31/01/2025,Profit Plus Contabilidad
506-01-05-01-01-01,FACULTATIVO,Deudora,6,0,343571.56,722301.28,-378729.72,31/01/2025,Profit Plus Contabilidad
506-01-05-01-01-03,CONTRATO,Deudora,6,0,7417.34,18800.09,-11382.75,31/01/2025,Profit Plus Contabilidad
507-,RESERVAS PARA PRESTACIONES Y SINIESTROS PENDIEN,Deudora,1,0,746634.14,746634.14,0,31/01/2025,Profit Plus Contabilidad
507-01-,NEGOCIOS NACIONALES,Deudora,2,0,746634.14,746634.14,0,31/01/2025,Profit Plus Contabilidad
507-01-03-,INCENDIO,Deudora,3,0,737454.4,737454.4,0,31/01/2025,Profit Plus Contabilidad
507-01-03-01-,INCENDIO,Deudora,4,0,737454.4,737454.4,0,31/01/2025,Profit Plus Contabilidad
507-01-03-01-01-,INCENDIO,Deudora,5,0,737454.4,737454.4,0,31/01/2025,Profit Plus Contabilidad
507-01-03-01-01-01,FACULTATIVO,Deudora,6,0,737454.4,737454.4,0,31/01/2025,Profit Plus Contabilidad
507-01-04-,ACCIDENTES Y DIVERSOS,Deudora,3,0,9179.74,9179.74,0,31/01/2025,Profit Plus Contabilidad
507-01-04-01-,ACCIDENTES Y DIVERSOS,Deudora,4,0,9179.74,9179.74,0,31/01/2025,Profit Plus Contabilidad
507-01-04-01-01-,ACCIDENTES Y DIVERSOS,Deudora,5,0,9179.74,9179.74,0,31/01/2025,Profit Plus Contabilidad
507-01-04-01-01-01,FACULTATIVO,Deudora,6,0,9179.74,9179.74,0,31/01/2025,Profit Plus Contabilidad
512-,PRODUCTO DE INVERSIONES,Deudora,1,-468818.24,0,83997.94,-384820.3,31/01/2025,Profit Plus Contabilidad
512-01-,INTERESES GANADOS,Deudora,2,-16677.49,0,1829.34,-14848.15,31/01/2025,Profit Plus Contabilidad
512-01-01-,DEPOSITOS BANCARIOS,Deudora,3,-254.73,0,0,-254.73,31/01/2025,Profit Plus Contabilidad
512-01-01-01-,INTERESES GANADOS DEPOSITOS BANCARIOS,Deudora,4,-254.73,0,0,-254.73,31/01/2025,Profit Plus Contabilidad
512-01-01-01-01-,INTERESES GANADOS DEPOSITOS BANCARIOS,Deudora,5,-254.73,0,0,-254.73,31/01/2025,Profit Plus Contabilidad
512-01-01-01-01-01,INTERESES GANADOS DEPOSITOS BANCARIOS,Deudora,6,-254.73,0,0,-254.73,31/01/2025,Profit Plus Contabilidad
512-01-04-,VALORES PUBLICOS,Deudora,3,-16422.76,0,1829.34,-14593.42,31/01/2025,Profit Plus Contabilidad
512-01-04-01-,INT VALORES PUBLICOS,Deudora,4,-16422.76,0,1829.34,-14593.42,31/01/2025,Profit Plus Contabilidad
512-01-04-01-01-,INT VALORES PUBLICOS,Deudora,5,-16422.76,0,1829.34,-14593.42,31/01/2025,Profit Plus Contabilidad
512-01-04-01-01-01,INT VALORES PUBLICOS,Deudora,6,-16422.76,0,1829.34,-14593.42,31/01/2025,Profit Plus Contabilidad
512-03-,ALQUILERES GANADOS,Deudora,2,-452140.75,0,82168.6,-369972.15,31/01/2025,Profit Plus Contabilidad
512-03-01-,ALQUILERES GANADOS,Deudora,3,-452140.75,0,82168.6,-369972.15,31/01/2025,Profit Plus Contabilidad
512-03-01-01-,ALQUILERES GANADOS,Deudora,4,-452140.75,0,82168.6,-369972.15,31/01/2025,Profit Plus Contabilidad
512-03-01-01-01-,ALQUILERES GANADOS,Deudora,5,-452140.75,0,82168.6,-369972.15,31/01/2025,Profit Plus Contabilidad
512-03-01-01-01-01,ALQUILERES GANADOS,Deudora,6,-452140.75,0,82168.6,-369972.15,31/01/2025,Profit Plus Contabilidad
514-,BENEFICIOS DIVERSOS,Deudora,1,-63471777.86,21058605.4,4950105.06,-47363277.52,31/01/2025,Profit Plus Contabilidad
514-01-,DIFERENCIAS EN CAMBIO,Deudora,2,-63354631.98,20378997.23,4338643.63,-47314278.38,31/01/2025,Profit Plus Contabilidad
514-01-01-,SOBRE OPERACIONES TECNICAS,Deudora,3,-30233354.86,10696110.12,4337932.66,-23875177.4,31/01/2025,Profit Plus Contabilidad
514-01-01-01-,RESERVAS TÉCNICAS,Deudora,4,-8786632.64,6468634.52,4337932.66,-6655930.78,31/01/2025,Profit Plus Contabilidad
514-01-01-01-01-,RESERVAS MATEMÁTICAS,Deudora,5,0,4227475.6,4227475.6,0,31/01/2025,Profit Plus Contabilidad
514-01-01-01-01-01,UTILIDAD TECNICA,Deudora,6,0,1440279.32,1440279.32,0,31/01/2025,Profit Plus Contabilidad
514-01-01-01-03,UTILIDAD TECNICA,Deudora,6,0,2787196.28,2787196.28,0,31/01/2025,Profit Plus Contabilidad
514-01-01-02-,RESERVAS PARA RIESGOS EN CURSO,Deudora,5,-8362744.58,2241158.92,0,-6121585.66,31/01/2025,Profit Plus Contabilidad
514-01-01-02-01,NEGOCIOS NACIONALES,Deudora,6,-8362744.58,2241158.92,0,-6121585.66,31/01/2025,Profit Plus Contabilidad
514-01-01-03-,RESERVA PARA SINIESTROS PENDIENTES DE PAGO,Deudora,5,-423888.06,0,110457.06,-534345.12,31/01/2025,Profit Plus Contabilidad
514-01-01-03-01,NEGOCIOS NACIONALES,Deudora,6,-423888.06,0,110457.06,-534345.12,31/01/2025,Profit Plus Contabilidad
514-01-03-,OTRAS OPERACIONES TÉCNICAS,Deudora,4,-21446722.22,4227475.6,0,-17219246.62,31/01/2025,Profit Plus Contabilidad
514-01-03-01-,NEGOCIOS NACIONALES,Deudora,5,-21446722.22,4227475.6,0,-17219246.62,31/01/2025,Profit Plus Contabilidad
514-01-03-01-01,DIFERENCIAL CAMBIARIO TÉCNICO,Deudora,6,-21446722.22,4227475.6,0,-17219246.62,31/01/2025,Profit Plus Contabilidad
514-01-02-,UTILIDAD FINANCIERA,Deudora,3,-33121277.12,9682887.11,710.97,-23439100.98,31/01/2025,Profit Plus Contabilidad
514-01-02-01-,UTILIDAD FINANCIERA,Deudora,4,-33121277.12,9682887.11,710.97,-23439100.98,31/01/2025,Profit Plus Contabilidad
514-01-02-01-01-,UTILIDAD FINANCIERA,Deudora,5,-33121277.12,9682887.11,710.97,-23439100.98,31/01/2025,Profit Plus Contabilidad
514-01-02-01-01-01,POSICIÓN MONEDA EXTRANJERA,Deudora,6,-29580566.85,9488377.31,0,-20092189.54,31/01/2025,Profit Plus Contabilidad
514-01-02-01-01-02,DIFERENCIAL CAMBIARIO ADMINISTRATIVO,Deudora,6,-3375030.27,28829.8,710.97,-3346911.44,31/01/2025,Profit Plus Contabilidad
514-01-02-01-01-03,FLUCTUACIÓN CAMBIARIA VALORES,Deudora,6,-165680,165680,0,0,31/01/2025,Profit Plus Contabilidad
514-02-,DIFERENCIAS EN COBRANZAS,Deudora,2,-883.88,611667.58,611461.43,-677.73,31/01/2025,Profit Plus Contabilidad
514-02-01-,DIFERENCIAS EN COBRANZAS,Deudora,3,-883.88,611667.58,611461.43,-677.73,31/01/2025,Profit Plus Contabilidad
514-02-01-01-,DIFERENCIAS EN COBRANZAS,Deudora,4,-883.88,611667.58,611461.43,-677.73,31/01/2025,Profit Plus Contabilidad
514-02-01-01-01-,DIFERENCIAS EN COBRANZAS,Deudora,5,-883.88,611667.58,611461.43,-677.73,31/01/2025,Profit Plus Contabilidad
514-02-01-01-01-01,DIFERENCIAS EN COBRANZAS,Deudora,6,-883.88,611667.58,611461.43,-677.73,31/01/2025,Profit Plus Contabilidad
514-05-,OTROS BENEFICIOS,Deudora,2,-116262,67940.59,0,-48321.41,31/01/2025,Profit Plus Contabilidad
514-05-01-,OTROS BENEFICIOS,Deudora,3,-116262,67940.59,0,-48321.41,31/01/2025,Profit Plus Contabilidad
514-05-01-01-,OTROS BENEFICIOS,Deudora,4,-116262,67940.59,0,-48321.41,31/01/2025,Profit Plus Contabilidad
514-05-01-01-01-,OTROS BENEFICIOS,Deudora,5,-116262,67940.59,0,-48321.41,31/01/2025,Profit Plus Contabilidad
514-05-01-01-01-01,OTROS BENEFICIOS,Deudora,6,-116262,67940.59,0,-48321.41,31/01/2025,Profit Plus Contabilidad
"Activo:                            4,069,830.75                                             Pasivo + Capital:                             -30,549,130.58                                          Egreso - Ingreso:                             26,479,299.83",,Deudora, , , , , ,31/01/2025,Profit Plus Contabilidad
