Profit Plus Contabilidad,,,,,,,,,,,,,Usuario:,,Hermes Sanchez,,,,,,,,
INVERSIONES KATHERIEL 1222,,,,,,,,,,,,,Página:,,,,1,,de,16,,,
,,,,,,,,,,,,,,,,,,,,,,,
R.I.F.:,J-31737116-0,,,,,,,,,,,,Fecha:,,27/02/2025,,,,,,,,
,,,,,,,,,,,,,,,,,,,,,,,
*BALANCE DE COMPROBACIÓN RIV,,,,,,,,,,,,,,,,,,,,,,,
Fecha:Desde 01/02/2025 Hasta 27/02/2025;,,,,,,,,,,,,,,,,,,,,,,,
,,,,,,,,,,,,,,,,,,,,,,,
Código,,,,Descripción,,,,,,Saldo Inicial,Debitos,Créditos,,,,,Saldo Actual,,,,,,
201-,,,,REPRESENTACION DE LAS RESERVAS TECNICAS,,,,,,"367,849,022,195.60",,"548,731,423,825.10",,,,"419,534,251,787.81",,,,,"497,046,194,232.89",,
201-01-,,,,DISPONIBLE,,,,,,"40,317,226,396.01",,"548,731,423,825.10",,,,"419,534,251,787.81",,,,,"169,514,398,433.30",,
201-01-01-,,,,CAJA  PRINCIPAL,,,,,,0.00,,"51,408,845,798.58",,,,"51,408,845,798.58",,,,,0.00,,
201-01-01-01-,,,,CAJA  PRINCIPAL,,,,,,0.00,,"51,408,845,798.58",,,,"51,408,845,798.58",,,,,0.00,,
201-01-01-01-01-,,,,CAJA  PRINCIPAL,,,,,,0.00,,"51,408,845,798.58",,,,"51,408,845,798.58",,,,,0.00,,
201-01-01-01-01-01,,,,,CAJA  PRINCIPAL,,,,,,0.00,"51,408,845,798.58",,,,"51,408,845,798.58",,,,,0.00,,
201-01-02-,,,,CAJA CHICA,,,,,,"32,700,514,460.63",,"250,563,813,858.62",,,,"278,575,399,367.66",,,,,"4,688,928,951.59",,
201-01-02-02-,,,,MONEDA EXTRANJERA,,,,,,"32,700,514,460.63",,"250,563,813,858.62",,,,"278,575,399,367.66",,,,,"4,688,928,951.59",,
201-01-02-02-01-,,,,MONEDA EXTRANJERA,,,,,,"32,700,514,460.63",,"250,563,813,858.62",,,,"278,575,399,367.66",,,,,"4,688,928,951.59",,
201-01-02-02-01-01,,,,,CAJA CHICA MONEDA EXTRANJERA,,,,,,"32,700,514,460.63","250,563,813,858.62",,,,"278,575,399,367.66",,,,,"4,688,928,951.59",,
201-01-03-,,,,DEPOSITOS A LA VISTA,,,,,,"7,616,711,935.38",,"246,758,764,167.90",,,,"89,550,006,621.57",,,,,"164,825,469,481.71",,
201-01-03-01-,,,,MONEDA NACIONAL,,,,,,"4,626,569,697.00",,"70,693,464,872.63",,,,"68,440,085,040.66",,,,,"6,879,949,528.97",,
201-01-03-01-01-,,,,MONEDA NACIONAL,,,,,,"4,626,569,697.00",,"70,693,464,872.63",,,,"68,440,085,040.66",,,,,"6,879,949,528.97",,
201-01-03-01-01-03,,,,,BANCO MERCANTIL 0105-0028-1010-2825-0045,,,,,,"3,442,104.10","295,000,000.00",,,,"298,212,841.61",,,,,"229,262.49",,
201-01-03-01-01-04,,,,,BANCO VENEZUELA 0102-0278-7100-0005-5903,,,,,,"55,133,312.93","6,662,743,776.14",,,,"6,635,506,813.93",,,,,"82,370,275.14",,
201-01-03-01-01-06,,,,,BANCO BICENTENARIO,,,,,,"186,204,817.51","5,940,000,000.00",,,,"5,853,784,349.10",,,,,"272,420,468.41",,
201-01-03-01-01-13,,,,,BNC 8204 CTA CTE 01910098772198188204,,,,,,"252,601,084.61","16,251,800,000.31",,,,"16,387,515,952.24",,,,,"116,885,132.68",,
201-01-03-01-01-14,,,,,BNC 0139 CTA CTE 01910098742198190139,,,,,,"181,908,051.08","9,001,200,000.13",,,,"9,163,226,454.50",,,,,"19,881,596.71",,
201-01-03-01-01-15,,,,,BNC 0145 CTA CTE 01910098792198190145,,,,,,"3,947,280,326.77","32,542,721,096.05",,,,"30,101,838,629.28",,,,,"6,388,162,793.54",,
201-01-03-02-,,,,MONEDA EXTRANJERA (BANCOS NACIONALES),,,,,,"2,990,142,238.38",,"176,065,299,295.27",,,,"21,109,921,580.91",,,,,"157,945,519,952.74",,
201-01-03-02-01-,,,,MONEDA EXTRANJERA (BANCOS NACIONALES),,,,,,"2,990,142,238.38",,"176,065,299,295.27",,,,"21,109,921,580.91",,,,,"157,945,519,952.74",,
201-01-03-02-01-01,,,,,MONEDA EXTRANJERA (BANCOS NACIONALES),,,,,,"2,990,142,238.38","176,065,299,295.27",,,,"21,109,921,580.91",,,,,"157,945,519,952.74",,
201-03-,,,,PREDIOS URBANOS EDIFICADOS,,,,,,"327,531,795,799.59",,0.00,,,,0.00,,,,,"327,531,795,799.59",,
201-03-02-,,,,EDIFICACIONES,,,,,,"327,531,795,799.59",,0.00,,,,0.00,,,,,"327,531,795,799.59",,
201-03-02-01-,,,,EDIFICACIONES,,,,,,"327,531,795,799.59",,0.00,,,,0.00,,,,,"327,531,795,799.59",,
201-03-02-01-01-,,,,EDIFICACIONES,,,,,,"327,531,795,799.59",,0.00,,,,0.00,,,,,"327,531,795,799.59",,
201-03-02-01-01-01,,,,,BIENES INMUEBLES,,,,,,"327,531,795,799.59",0.00,,,,0.00,,,,,"327,531,795,799.59",,
202-,,,,GARANTIA A LA NACION,,,,,,"5,040,012,829.00",,0.00,,,,0.00,,,,,"5,040,012,829.00",,
202-01-,,,,VALORES EMITIDOS O GARANTIZ. P/LA NACION,,,,,,"5,040,012,829.00",,0.00,,,,0.00,,,,,"5,040,012,829.00",,
202-01-01-,,,,VALORES EMITIDOS O GARANTIZ. P/LA NACION,,,,,,"5,040,012,829.00",,0.00,,,,0.00,,,,,"5,040,012,829.00",,
202-01-01-01-,,,,VALORES EMITIDOS O GARANTIZ. P/LA NACION,,,,,,"5,040,012,829.00",,0.00,,,,0.00,,,,,"5,040,012,829.00",,
202-01-01-01-01-,,,,VALORES EMITIDOS O GARANTIZ. P/LA NACION,,,,,,"5,040,012,829.00",,0.00,,,,0.00,,,,,"5,040,012,829.00",,
202-01-01-01-01-01,,,,,DPBS,,,,,,"5,040,012,829.00",0.00,,,,0.00,,,,,"5,040,012,829.00",,
203-,,,,INVERSIONES NO APTAS PARA LA REPRESENTACION DE LAS RESERVAS,,,,,,"1,635,597,652,749.45",,"2,490,345,576,453.56",,,,"3,213,498,085,765.78",,,,,"912,445,143,437.23",,
203-06-,,,,INVERSIONES EN EL EXTRANJERO,,,,,,"1,635,597,652,749.45",,"2,490,345,576,453.56",,,,"3,213,498,085,765.78",,,,,"912,445,143,437.23",,
203-06-01-,,,,BANCOS,,,,,,"1,635,597,652,749.45",,"2,490,345,576,453.56",,,,"3,213,498,085,765.78",,,,,"912,445,143,437.23",,
203-06-01-01-,,,,BANCOS,,,,,,"1,635,597,652,749.45",,"2,490,345,576,453.56",,,,"3,213,498,085,765.78",,,,,"912,445,143,437.23",,
203-06-01-01-01-,,,,BANCOS,,,,,,"1,635,597,652,749.45",,"2,490,345,576,453.56",,,,"3,213,498,085,765.78",,,,,"912,445,143,437.23",,
203-06-01-01-01-01,,,,,FACEBANK GREEN,,,,,,0.00,"1,125,879,422,133.43",,,,"1,125,879,422,133.43",,,,,0.00,,
203-06-01-01-01-05,,,,,BANCARIBE INTERNACIONAL BANK,,,,,,"390,564,067,035.05","383,804,167,314.64",,,,"256,646,511,097.15",,,,,"517,721,723,252.54",,
203-06-01-01-01-06,,,,,AMERANT,,,,,,"1,245,033,585,714.40","980,661,987,005.49",,,,"1,830,972,152,535.20",,,,,"394,723,420,184.69",,
204-,,,,ACTIVOS DEPRECIABLES Y AMORTIZABLES,,,,,,"1,355,764,555.93",,"146,893,219.16",,,,0.00,,,,,"1,502,657,775.09",,
204-01-,,,,MOBILIARIO,,,,,,"10,656.42",,0.00,,,,0.00,,,,,"10,656.42",,
204-01-01-,,,,MOBILIARIO,,,,,,"10,656.42",,0.00,,,,0.00,,,,,"10,656.42",,
204-01-01-01-,,,,MOBILIARIO,,,,,,"10,656.42",,0.00,,,,0.00,,,,,"10,656.42",,
204-01-01-01-01-,,,,MOBILIARIO,,,,,,"10,656.42",,0.00,,,,0.00,,,,,"10,656.42",,
204-01-01-01-01-01,,,,,MOBILIARIO,,,,,,"10,656.42",0.00,,,,0.00,,,,,"10,656.42",,
204-02-,,,,EQUIPOS DE OFICINA,,,,,,"242,873.66",,0.00,,,,0.00,,,,,"242,873.66",,
204-02-01-,,,,EQUIPOS DE OFICINA,,,,,,"242,873.66",,0.00,,,,0.00,,,,,"242,873.66",,
204-02-01-01-,,,,EQUIPOS DE OFICINA,,,,,,"242,873.66",,0.00,,,,0.00,,,,,"242,873.66",,
204-02-01-01-01-,,,,EQUIPOS DE OFICINA,,,,,,"242,873.66",,0.00,,,,0.00,,,,,"242,873.66",,
204-02-01-01-01-01,,,,,EQUIPOS DE OFICINA,,,,,,"242,873.66",0.00,,,,0.00,,,,,"242,873.66",,
204-03-,,,,EQUIPO COMPUTACION,,,,,,"1,334,440,513.42",,"146,893,219.16",,,,0.00,,,,,"1,481,333,732.58",,
204-03-01-,,,,EQUIPO COMPUTACION,,,,,,"1,334,440,513.42",,"146,893,219.16",,,,0.00,,,,,"1,481,333,732.58",,
204-03-01-01-,,,,EQUIPO COMPUTACION,,,,,,"1,334,440,513.42",,"146,893,219.16",,,,0.00,,,,,"1,481,333,732.58",,
204-03-01-01-01-,,,,EQUIPO COMPUTACION,,,,,,"1,334,440,513.42",,"146,893,219.16",,,,0.00,,,,,"1,481,333,732.58",,
204-03-01-01-01-01,,,,,EQUIPO COMPUTACION,,,,,,"1,334,440,513.42","146,893,219.16",,,,0.00,,,,,"1,481,333,732.58",,
204-04-,,,,VEHICULOS,,,,,,"20,164,695.64",,0.00,,,,0.00,,,,,"20,164,695.64",,
204-04-01-,,,,VEHICULOS,,,,,,"20,164,695.64",,0.00,,,,0.00,,,,,"20,164,695.64",,
204-04-01-01-,,,,VEHICULOS,,,,,,"20,164,695.64",,0.00,,,,0.00,,,,,"20,164,695.64",,
204-04-01-01-01-,,,,VEHICULOS,,,,,,"20,164,695.64",,0.00,,,,0.00,,,,,"20,164,695.64",,
204-04-01-01-01-01,,,,,VEHICULOS,,,,,,"20,164,695.64",0.00,,,,0.00,,,,,"20,164,695.64",,
204-07-,,,,GASTOS DE ORGANIZACION E INSTALACION,,,,,,"905,816.79",,0.00,,,,0.00,,,,,"905,816.79",,
204-07-01-,,,,GASTOS DE ORGANIZACION E INSTALACION,,,,,,"905,816.79",,0.00,,,,0.00,,,,,"905,816.79",,
204-07-01-01-,,,,GASTOS DE ORGANIZACION E INSTALACION,,,,,,"905,816.79",,0.00,,,,0.00,,,,,"905,816.79",,
204-07-01-01-01-,,,,GASTOS DE ORGANIZACION E INSTALACION,,,,,,"905,816.79",,0.00,,,,0.00,,,,,"905,816.79",,
204-07-01-01-01-01,,,,,GASTOS DE ORGANIZACION E INSTALACION,,,,,,"905,816.79",0.00,,,,0.00,,,,,"905,816.79",,
205-,,,,CUENTAS DEUDORAS POR REASEGUROS,,,,,,"1,830,103,402,370.85",,"12,746,321,700,483.80",,,,"12,651,069,603,392.00",,,,,"1,925,355,499,462.65",,
205-01-,,,,CUENTAS CORRIENTES CON REASEGURADAS,,,,,,"176,140,377,139.64",,"2,261,137,477,401.97",,,,"993,693,512,666.24",,,,,"1,443,584,341,875.37",,
205-01-01-,,,,DEL PAIS,,,,,,"176,140,377,139.64",,"2,261,137,477,401.97",,,,"993,693,512,666.24",,,,,"1,443,584,341,875.37",,
205-01-01-01-,,,,DEL PAIS,,,,,,"176,140,377,139.64",,"2,261,137,477,401.97",,,,"993,693,512,666.24",,,,,"1,443,584,341,875.37",,
205-01-01-01-01-,,,,DEL PAIS,,,,,,"176,140,377,139.64",,"2,261,137,477,401.97",,,,"993,693,512,666.24",,,,,"1,443,584,341,875.37",,
205-01-01-01-01-01,,,,,FACULTATIVO,,,,,,0.00,"251,466,781.54",,,,"251,466,781.54",,,,,0.00,,
205-01-01-01-01-03,,,,,CONTRATO,,,,,,"176,140,377,139.64","2,101,921,111,763.01",,,,"993,442,045,884.70",,,,,"1,284,619,443,017.95",,
205-01-01-01-01-04,,,,,CONTRATO NO PROPORCIONAL,,,,,,0.00,"158,964,898,857.42",,,,0.00,,,,,"158,964,898,857.42",,
205-02-,,,,CUENTAS CORRIENTES C/RETROCESIONARIOS,,,,,,0.00,,"4,231,642,758,404.31",,,,"4,231,642,758,404.31",,,,,0.00,,
205-02-01-,,,,DEL PAIS,,,,,,0.00,,"4,231,642,758,404.31",,,,"4,231,642,758,404.31",,,,,0.00,,
205-02-01-01-,,,,DEL PAIS,,,,,,0.00,,"4,231,642,758,404.31",,,,"4,231,642,758,404.31",,,,,0.00,,
205-02-01-01-01-,,,,DEL PAIS,,,,,,0.00,,"4,231,642,758,404.31",,,,"4,231,642,758,404.31",,,,,0.00,,
205-02-01-01-01-01,,,,,FACULTATIVO,,,,,,0.00,"4,231,642,758,404.31",,,,"4,231,642,758,404.31",,,,,0.00,,
205-03-,,,,CUENTAS CORRIENTES CON INTERMEDIARIOS,,,,,,"1,372,561,395,883.42",,"5,290,658,024,389.73",,,,"6,663,219,420,273.15",,,,,0.00,,
205-03-01-,,,,DEL PAIS,,,,,,"1,372,561,395,883.42",,"4,808,307,068,784.54",,,,"6,180,868,464,667.96",,,,,0.00,,
205-03-01-01-,,,,DEL PAIS,,,,,,"1,372,561,395,883.42",,"4,808,307,068,784.54",,,,"6,180,868,464,667.96",,,,,0.00,,
205-03-01-01-01-,,,,DEL PAIS,,,,,,"1,372,561,395,883.42",,"4,808,307,068,784.54",,,,"6,180,868,464,667.96",,,,,0.00,,
205-03-01-01-01-03,,,,,CONTRATO,,,,,,"1,110,422,680,275.86","4,653,632,269,915.88",,,,"5,764,054,950,191.74",,,,,0.00,,
205-03-01-01-01-04,,,,,CONTRATO NO PROPORCIONAL,,,,,,"262,138,715,607.56","154,674,798,868.66",,,,"416,813,514,476.22",,,,,0.00,,
205-03-02-,,,,DEL EXTRANJERO,,,,,,0.00,,"482,350,955,605.19",,,,"482,350,955,605.19",,,,,0.00,,
205-03-02-01-,,,,DEL EXTRANJERO,,,,,,0.00,,"482,350,955,605.19",,,,"482,350,955,605.19",,,,,0.00,,
205-03-02-01-01-,,,,DEL EXTRANJERO,,,,,,0.00,,"482,350,955,605.19",,,,"482,350,955,605.19",,,,,0.00,,
205-03-02-01-01-04,,,,,CONTRATO NO PROPORCIONAL,,,,,,0.00,"482,350,955,605.19",,,,"482,350,955,605.19",,,,,0.00,,
205-04-,,,,RESERVA DE PRIMAS A/C RETROCESIONARIOS,,,,,,"277,020,357,943.79",,"920,146,277,561.24",,,,"746,305,646,411.71",,,,,"450,860,989,093.32",,
205-04-02-,,,,TRANSPORTE,,,,,,"28,352,795.67",,"28,208,688,432.15",,,,"15,112,244,612.02",,,,,"13,124,796,615.80",,
205-04-02-01-,,,,TRANSPORTE,,,,,,"28,352,795.67",,"28,208,688,432.15",,,,"15,112,244,612.02",,,,,"13,124,796,615.80",,
205-04-02-01-01-,,,,TRANSPORTE,,,,,,"28,352,795.67",,"28,208,688,432.15",,,,"15,112,244,612.02",,,,,"13,124,796,615.80",,
205-04-02-01-01-01,,,,,FACULTATIVO,,,,,,0.00,"25,922,323,088.63",,,,"13,915,546,361.12",,,,,"12,006,776,727.51",,
205-04-02-01-01-03,,,,,CONTRATO,,,,,,"28,352,795.67","2,286,365,343.52",,,,"1,196,698,250.90",,,,,"1,118,019,888.29",,
205-04-03-,,,,INCENDIO.,,,,,,"238,389,729,195.92",,"589,227,623,241.77",,,,"543,166,807,855.64",,,,,"284,450,544,582.05",,
205-04-03-01-,,,,INCENDIO.,,,,,,"238,389,729,195.92",,"589,227,623,241.77",,,,"543,166,807,855.64",,,,,"284,450,544,582.05",,
205-04-03-01-01-,,,,INCENDIO.,,,,,,"238,389,729,195.92",,"589,227,623,241.77",,,,"543,166,807,855.64",,,,,"284,450,544,582.05",,
205-04-03-01-01-01,,,,,FACULTATIVO,,,,,,"227,664,924,089.69","486,285,212,860.64",,,,"480,214,331,979.61",,,,,"233,735,804,970.72",,
205-04-03-01-01-03,,,,,CONTRATO,,,,,,"10,724,805,106.23","102,942,410,381.13",,,,"62,952,475,876.03",,,,,"50,714,739,611.33",,
205-04-04-,,,,ACCIDENTES Y DIVERSOS.,,,,,,"33,988,394,218.48",,"295,285,105,786.42",,,,"179,399,798,265.46",,,,,"149,873,701,739.44",,
205-04-04-01-,,,,ACCIDENTES Y DIVERSOS.,,,,,,"33,988,394,218.48",,"295,285,105,786.42",,,,"179,399,798,265.46",,,,,"149,873,701,739.44",,
205-04-04-01-01-,,,,ACCIDENTES Y DIVERSOS.,,,,,,"33,988,394,218.48",,"295,285,105,786.42",,,,"179,399,798,265.46",,,,,"149,873,701,739.44",,
205-04-04-01-01-01,,,,,FACULTATIVO,,,,,,"11,003,702,671.80","16,654,223,126.28",,,,"20,368,009,567.21",,,,,"7,289,916,230.87",,
205-04-04-01-01-03,,,,,CONTRATO,,,,,,"22,984,691,546.68","278,630,882,660.14",,,,"159,031,788,698.25",,,,,"142,583,785,508.57",,
205-04-05-,,,,FIANZAS.,,,,,,"4,613,881,733.72",,"7,424,860,100.90",,,,"8,626,795,678.59",,,,,"3,411,946,156.03",,
205-04-05-01-,,,,FIANZAS.,,,,,,"4,613,881,733.72",,"7,424,860,100.90",,,,"8,626,795,678.59",,,,,"3,411,946,156.03",,
205-04-05-01-01-,,,,FIANZAS.,,,,,,"4,613,881,733.72",,"7,424,860,100.90",,,,"8,626,795,678.59",,,,,"3,411,946,156.03",,
205-04-05-01-01-01,,,,,FACULTATIVO,,,,,,"4,613,881,733.72","7,424,860,100.90",,,,"8,626,795,678.59",,,,,"3,411,946,156.03",,
205-05-,,,,RESERVAS PARA PRESTACIONES Y SINIESTRO S PENDIENTES A/C DE R,,,,,,"4,381,271,404.00",,"42,737,162,726.54",,,,"16,208,265,636.58",,,,,"30,910,168,493.96",,
205-05-02-,,,,TRANSPORTE,,,,,,"669,302,012.25",,"1,786,381,984.85",,,,"1,973,247,143.01",,,,,"482,436,854.09",,
205-05-02-01-,,,,TRANSPORTE,,,,,,"669,302,012.25",,"1,786,381,984.85",,,,"1,973,247,143.01",,,,,"482,436,854.09",,
205-05-02-01-01-,,,,TRANSPORTE,,,,,,"669,302,012.25",,"1,786,381,984.85",,,,"1,973,247,143.01",,,,,"482,436,854.09",,
205-05-02-01-01-01,,,,,FACULTATIVO,,,,,,"669,302,012.25","1,786,381,984.85",,,,"1,973,247,143.01",,,,,"482,436,854.09",,
205-05-03-,,,,INCENDIO.,,,,,,"3,711,969,391.75",,"38,146,856,091.03",,,,"11,431,093,842.91",,,,,"30,427,731,639.87",,
205-05-03-01-,,,,INCENDIO.,,,,,,"3,711,969,391.75",,"38,146,856,091.03",,,,"11,431,093,842.91",,,,,"30,427,731,639.87",,
205-05-03-01-01-,,,,INCENDIO.,,,,,,"3,711,969,391.75",,"38,146,856,091.03",,,,"11,431,093,842.91",,,,,"30,427,731,639.87",,
205-05-03-01-01-01,,,,,FACULTATIVO,,,,,,"3,711,969,391.75","38,146,856,091.03",,,,"11,431,093,842.91",,,,,"30,427,731,639.87",,
205-05-04-,,,,ACCIDENTES Y DIVERSOS.,,,,,,0.00,,"2,803,924,650.66",,,,"2,803,924,650.66",,,,,0.00,,
205-05-04-01-,,,,ACCIDENTES Y DIVERSOS.,,,,,,0.00,,"2,803,924,650.66",,,,"2,803,924,650.66",,,,,0.00,,
205-05-04-01-01-,,,,ACCIDENTES Y DIVERSOS.,,,,,,0.00,,"2,803,924,650.66",,,,"2,803,924,650.66",,,,,0.00,,
205-05-04-01-01-01,,,,,FACULTATIVO,,,,,,0.00,"2,803,924,650.66",,,,"2,803,924,650.66",,,,,0.00,,
206-,,,,CUENTAS DEUDORAS DIVERSAS,,,,,,"40,612,375.35",,"4,077,344,084.02",,,,"1,935,819,219.34",,,,,"2,182,137,240.03",,
206-01-,,,,CUENTAS CORRIENTES,,,,,,"40,612,375.35",,"491,003,130.59",,,,"230,325,598.69",,,,,"301,289,907.25",,
206-01-01-,,,,CUENTAS CORRIENTES,,,,,,"40,612,375.35",,"491,003,130.59",,,,"230,325,598.69",,,,,"301,289,907.25",,
206-01-01-01-,,,,CUENTAS CORRIENTES,,,,,,"40,612,375.35",,"491,003,130.59",,,,"230,325,598.69",,,,,"301,289,907.25",,
206-01-01-01-01-,,,,CUENTAS CORRIENTES,,,,,,"40,612,375.35",,"491,003,130.59",,,,"230,325,598.69",,,,,"301,289,907.25",,
206-01-01-01-01-01,,,,,CUENTAS DEUDORAS DIVERSAS,,,,,,0.00,"267,675,131.99",,,,"6,997,600.09",,,,,"260,677,531.90",,
206-01-01-01-01-15,,,,,ANTICIPOS PROVEEDORES,,,,,,"40,612,375.35","223,327,998.60",,,,"223,327,998.60",,,,,"40,612,375.35",,
206-02-,,,,PRESTAMOS A EMPLEADOS,,,,,,0.00,,"3,586,340,953.43",,,,"1,705,493,620.65",,,,,"1,880,847,332.78",,
206-02-01-,,,,PRESTAMOS A EMPLEADOS,,,,,,0.00,,"3,586,340,953.43",,,,"1,705,493,620.65",,,,,"1,880,847,332.78",,
206-02-01-01-,,,,PRESTAMOS A EMPLEADOS,,,,,,0.00,,"3,586,340,953.43",,,,"1,705,493,620.65",,,,,"1,880,847,332.78",,
206-02-01-01-01-,,,,PRESTAMOS A EMPLEADOS,,,,,,0.00,,"3,586,340,953.43",,,,"1,705,493,620.65",,,,,"1,880,847,332.78",,
206-02-01-01-01-01,,,,,PRESTAMOS A EMPLEADOS,,,,,,0.00,"3,586,340,953.43",,,,"1,705,493,620.65",,,,,"1,880,847,332.78",,
207-,,,,BENEFICIOS DEVENGADOS POR COBRAR,,,,,,"10,352,546.97",,"8,801,116.09",,,,"12,192,600.46",,,,,"6,961,062.60",,
207-01-,,,,INTERESES,,,,,,"10,352,546.97",,"8,801,116.09",,,,"12,192,600.46",,,,,"6,961,062.60",,
207-01-04-,,,,VALORES PUBLICOS,,,,,,"10,352,546.97",,"8,801,116.09",,,,"12,192,600.46",,,,,"6,961,062.60",,
207-01-04-01-,,,,VALORES PUBLICOS,,,,,,"10,352,546.97",,"8,801,116.09",,,,"12,192,600.46",,,,,"6,961,062.60",,
207-01-04-01-01-,,,,VALORES PUBLICOS,,,,,,"10,352,546.97",,"8,801,116.09",,,,"12,192,600.46",,,,,"6,961,062.60",,
207-01-04-01-01-01,,,,,VALORES PUBLICOS,,,,,,"10,352,546.97","8,801,116.09",,,,"12,192,600.46",,,,,"6,961,062.60",,
208-,,,,ACTIVOS TRANSITORIOS,,,,,,"1,075,926,924.06",,"84,648,576,043.31",,,,"39,571,431,071.48",,,,,"46,153,071,895.89",,
208-01-,,,,CARGOS DIFERIDOS DE REASEGURO ACEPTADO,,,,,,0.00,,"22,961,334,769.79",,,,"22,961,334,769.79",,,,,0.00,,
208-01-01-,,,,AJUSTE PROVISIONAL DE RESERVAS,,,,,,0.00,,"22,961,334,769.79",,,,"22,961,334,769.79",,,,,0.00,,
208-01-01-01-,,,,AJUSTE PROVISIONAL DE RESERVAS,,,,,,0.00,,"22,961,334,769.79",,,,"22,961,334,769.79",,,,,0.00,,
208-01-01-01-01-,,,,AJUSTE PROVISIONAL DE RESERVAS,,,,,,0.00,,"22,961,334,769.79",,,,"22,961,334,769.79",,,,,0.00,,
208-01-01-01-01-02,,,,,CARGOS DIFERIDOS P/REASEGURO,,,,,,0.00,"22,961,334,769.79",,,,"22,961,334,769.79",,,,,0.00,,
208-02-,,,,OTROS CARGOS DIFERIDOS,,,,,,"1,075,926,924.06",,"61,687,241,273.52",,,,"16,610,096,301.69",,,,,"46,153,071,895.89",,
208-02-03-,,,,GASTOS ANTICIPADOS,,,,,,"354,897,196.99",,"61,587,252,922.19",,,,"16,610,090,011.17",,,,,"45,332,060,108.01",,
208-02-03-01-,,,,GASTOS ADMINISTRATIVOS,,,,,,"337,949,504.82",,"45,069,210,493.15",,,,"75,099,889.96",,,,,"45,332,060,108.01",,
208-02-03-01-01-,,,,GASTOS ADMINISTRATIVOS,,,,,,"337,949,504.82",,"45,069,210,493.15",,,,"75,099,889.96",,,,,"45,332,060,108.01",,
208-02-03-01-01-02,,,,,GASTOS PAGADOS POR ANTICIPADO,,,,,,"337,949,504.82","45,069,210,493.15",,,,"75,099,889.96",,,,,"45,332,060,108.01",,
208-02-03-02-,,,,OTROS,,,,,,"16,947,692.17",,"16,518,042,429.04",,,,"16,534,990,121.21",,,,,0.00,,
208-02-03-02-01-,,,,OTROS,,,,,,"16,947,692.17",,"16,518,042,429.04",,,,"16,534,990,121.21",,,,,0.00,,
208-02-03-02-01-02,,,,,OTROS ACTIVOS TRANSITORIOS,,,,,,"16,947,692.17","16,518,042,429.04",,,,"16,534,990,121.21",,,,,0.00,,
208-02-04-,,,,IMPUESTOS PAGADOS POR ANTICIPADO,,,,,,"721,029,727.07",,"99,988,351.33",,,,"6,290.52",,,,,"821,011,787.88",,
208-02-04-01-,,,,IMPUESTOS PAGADOS POR ANTICIPADO,,,,,,"721,029,727.07",,"99,988,351.33",,,,"6,290.52",,,,,"821,011,787.88",,
208-02-04-01-01-,,,,IMPUESTOS PAGADOS POR ANTICIPADO,,,,,,"721,029,727.07",,"99,988,351.33",,,,"6,290.52",,,,,"821,011,787.88",,
208-02-04-01-01-01,,,,,IMPUESTOS PAGADOS POR ANTICIPADO,,,,,,"721,029,727.07","99,988,351.33",,,,"6,290.52",,,,,"821,011,787.88",,
209-,,,,OTROS ACTIVOS,,,,,,0.00,,"308,854,270.17",,,,"308,854,270.17",,,,,0.00,,
209-03-,,,,OPERACIONES EN TRANSITO,,,,,,0.00,,"308,854,270.17",,,,"308,854,270.17",,,,,0.00,,
209-03-01-,,,,OPERACIONES EN TRANSITO,,,,,,0.00,,"308,854,270.17",,,,"308,854,270.17",,,,,0.00,,
209-03-01-01-,,,,OPERACIONES EN TRANSITO,,,,,,0.00,,"308,854,270.17",,,,"308,854,270.17",,,,,0.00,,
209-03-01-01-01-,,,,OPERACIONES EN TRANSITO,,,,,,0.00,,"308,854,270.17",,,,"308,854,270.17",,,,,0.00,,
209-03-01-01-01-01,,,,,OPERACIONES EN TRANSITO,,,,,,0.00,"308,854,270.17",,,,"308,854,270.17",,,,,0.00,,
214-,,,,CUENTAS DE ORDEN,,,,,,"354,719,199,634.66",,"3,921,552,747,154.30",,,,"3,921,688,022,104.42",,,,,"354,583,924,684.54",,
214-01-,,,,PRIMAS EMITIDAS AL COBRO,,,,,,"354,719,199,634.66",,"3,921,552,747,154.30",,,,"3,921,688,022,104.42",,,,,"354,583,924,684.54",,
214-01-01-,,,,PRIMAS EMITIDAS AL COBRO,,,,,,"354,719,199,634.66",,"3,921,552,747,154.30",,,,"3,921,688,022,104.42",,,,,"354,583,924,684.54",,
214-01-01-01-,,,,PRIMAS EMITIDAS AL COBRO,,,,,,"354,719,199,634.66",,"3,921,552,747,154.30",,,,"3,921,688,022,104.42",,,,,"354,583,924,684.54",,
214-01-01-01-01-,,,,PRIMAS EMITIDAS AL COBRO,,,,,,"354,719,199,634.66",,"3,921,552,747,154.30",,,,"3,921,688,022,104.42",,,,,"354,583,924,684.54",,
214-01-01-01-01-01,,,,,PRIMAS EMITIDAS AL COBRO FACULTATIVO,,,,,,"354,719,199,634.66","3,613,905,249,527.82",,,,"3,614,040,524,477.94",,,,,"354,583,924,684.54",,
214-01-01-01-01-03,,,,,PRIMAS EMITIDAS AL COBRO CONTRATO,,,,,,0.00,"307,647,497,626.48",,,,"307,647,497,626.48",,,,,0.00,,
301-,,,,PRESTACIONES Y SINIESTROS PAGADOS,,,,,,0.00,,"41,241,071,528.31",,,,"4,383,183,191.87",,,,,"36,857,888,336.44",,
301-01-,,,,PRESTACIONES PAGADAS,,,,,,0.00,,"41,241,071,528.31",,,,"4,383,183,191.87",,,,,"36,857,888,336.44",,
301-01-02-,,,,TRANSPORTE,,,,,,0.00,,"142,879,370.50",,,,0.00,,,,,"142,879,370.50",,
301-01-02-01-,,,,TRANSPORTE,,,,,,0.00,,"142,879,370.50",,,,0.00,,,,,"142,879,370.50",,
301-01-02-01-01-,,,,TRANSPORTE,,,,,,0.00,,"142,879,370.50",,,,0.00,,,,,"142,879,370.50",,
301-01-02-01-01-03,,,,,CONTRATO,,,,,,0.00,"142,879,370.50",,,,0.00,,,,,"142,879,370.50",,
301-01-03-,,,,INCENDIO,,,,,,0.00,,"20,212,199,432.68",,,,"307,511,093.51",,,,,"19,904,688,339.17",,
301-01-03-01-,,,,INCENDIO,,,,,,0.00,,"20,212,199,432.68",,,,"307,511,093.51",,,,,"19,904,688,339.17",,
301-01-03-01-01-,,,,INCENDIO,,,,,,0.00,,"20,212,199,432.68",,,,"307,511,093.51",,,,,"19,904,688,339.17",,
301-01-03-01-01-01,,,,,FACULTATIVO,,,,,,0.00,"601,328,719.75",,,,"307,511,093.51",,,,,"293,817,626.24",,
301-01-03-01-01-03,,,,,CONTRATO,,,,,,0.00,"19,610,870,712.93",,,,0.00,,,,,"19,610,870,712.93",,
301-01-04-,,,,ACCIDENTES Y DIVERSOS,,,,,,0.00,,"20,885,992,725.13",,,,"4,075,672,098.36",,,,,"16,810,320,626.77",,
301-01-04-01-,,,,ACCIDENTES Y DIVERSOS,,,,,,0.00,,"20,885,992,725.13",,,,"4,075,672,098.36",,,,,"16,810,320,626.77",,
301-01-04-01-01-,,,,ACCIDENTES Y DIVERSOS,,,,,,0.00,,"20,885,992,725.13",,,,"4,075,672,098.36",,,,,"16,810,320,626.77",,
301-01-04-01-01-01,,,,,FACULTATIVO,,,,,,0.00,"8,151,344,196.72",,,,"4,075,672,098.36",,,,,"4,075,672,098.36",,
301-01-04-01-01-03,,,,,CONTRATO,,,,,,0.00,"12,734,648,528.41",,,,0.00,,,,,"12,734,648,528.41",,
302-,,,,GASTOS DE ADQUISICION,,,,,,0.00,,"429,766,339,878.51",,,,"11,329,306,080.96",,,,,"418,437,033,797.55",,
302-01-,,,,COMISIONES,,,,,,0.00,,"354,234,053,637.84",,,,"502,457,795.83",,,,,"353,731,595,842.01",,
302-01-01-,,,,NEGOCIOS NACIONALES,,,,,,0.00,,"354,234,053,637.84",,,,"502,457,795.83",,,,,"353,731,595,842.01",,
302-01-01-02-,,,,TRANSPORTE,,,,,,0.00,,"14,703,927,348.87",,,,"2,348,213.63",,,,,"14,701,579,135.24",,
302-01-01-02-01-,,,,TRANSPORTE,,,,,,0.00,,"14,703,927,348.87",,,,"2,348,213.63",,,,,"14,701,579,135.24",,
302-01-01-02-01-01,,,,,FACULTATIVO,,,,,,0.00,"11,056,502,267.69",,,,0.00,,,,,"11,056,502,267.69",,
302-01-01-02-01-03,,,,,CONTRATO,,,,,,0.00,"3,647,425,081.18",,,,"2,348,213.63",,,,,"3,645,076,867.55",,
302-01-01-03-,,,,INCENDIO,,,,,,0.00,,"119,319,311,102.19",,,,"365,200,651.18",,,,,"118,954,110,451.01",,
302-01-01-03-01-,,,,INCENDIO,,,,,,0.00,,"119,319,311,102.19",,,,"365,200,651.18",,,,,"118,954,110,451.01",,
302-01-01-03-01-01,,,,,FACULTATIVO,,,,,,0.00,"45,886,122,440.97",,,,0.00,,,,,"45,886,122,440.97",,
302-01-01-03-01-03,,,,,CONTRATO,,,,,,0.00,"73,433,188,661.22",,,,"365,200,651.18",,,,,"73,067,988,010.04",,
302-01-01-04-,,,,ACCIDENTES Y DIVERSOS,,,,,,0.00,,"220,153,430,163.94",,,,"134,908,931.02",,,,,"220,018,521,232.92",,
302-01-01-04-01-,,,,ACCIDENTES Y DIVERSOS,,,,,,0.00,,"220,153,430,163.94",,,,"134,908,931.02",,,,,"220,018,521,232.92",,
302-01-01-04-01-01,,,,,FACULTATIVO,,,,,,0.00,"81,145,386.74",,,,"58,205,039.65",,,,,"22,940,347.09",,
302-01-01-04-01-03,,,,,CONTRATO,,,,,,0.00,"220,072,284,777.20",,,,"76,703,891.37",,,,,"219,995,580,885.83",,
302-01-01-05-,,,,FIANZAS,,,,,,0.00,,"57,385,022.84",,,,0.00,,,,,"57,385,022.84",,
302-01-01-05-01-,,,,FIANZAS,,,,,,0.00,,"57,385,022.84",,,,0.00,,,,,"57,385,022.84",,
302-01-01-05-01-03,,,,,CONTRATO,,,,,,0.00,"57,385,022.84",,,,0.00,,,,,"57,385,022.84",,
302-02-,,,,CORRETAJE DE INTERMEDIARIOS.,,,,,,0.00,,"14,950,171,254.56",,,,"7,474,182,274.29",,,,,"7,475,988,980.27",,
302-02-01-,,,,NEGOCIOS NACIONALES,,,,,,0.00,,"7,475,988,980.27",,,,0.00,,,,,"7,475,988,980.27",,
302-02-01-03-,,,,INCENDIO,,,,,,0.00,,"618,863.29",,,,0.00,,,,,"618,863.29",,
302-02-01-03-01-,,,,INCENDIO,,,,,,0.00,,"618,863.29",,,,0.00,,,,,"618,863.29",,
302-02-01-03-01-03,,,,,CONTRATO,,,,,,0.00,"618,863.29",,,,0.00,,,,,"618,863.29",,
302-02-01-04-,,,,ACCIDENTES Y DIVERSOS,,,,,,0.00,,"7,475,370,116.98",,,,0.00,,,,,"7,475,370,116.98",,
302-02-01-04-01-,,,,ACCIDENTES Y DIVERSOS,,,,,,0.00,,"7,475,370,116.98",,,,0.00,,,,,"7,475,370,116.98",,
302-02-01-04-01-03,,,,,CONTRATO,,,,,,0.00,"7,475,370,116.98",,,,0.00,,,,,"7,475,370,116.98",,
302-02-02-,,,,NEGOCIOS EXTRANJEROS,,,,,,0.00,,"7,474,182,274.29",,,,"7,474,182,274.29",,,,,0.00,,
302-02-02-04-,,,,ACCIDENTES Y DIVERSOS,,,,,,0.00,,"7,474,182,274.29",,,,"7,474,182,274.29",,,,,0.00,,
302-02-02-04-01-,,,,ACCIDENTES Y DIVERSOS,,,,,,0.00,,"7,474,182,274.29",,,,"7,474,182,274.29",,,,,0.00,,
302-02-02-04-01-04,,,,,CONTRATO NO PROPORCIONAL,,,,,,0.00,"7,474,182,274.29",,,,"7,474,182,274.29",,,,,0.00,,
302-03-,,,,IMPUESTOS,,,,,,0.00,,"60,582,114,986.11",,,,"3,352,666,010.84",,,,,"57,229,448,975.27",,
302-03-01-,,,,NEGOCIOS NACIONALES,,,,,,0.00,,"57,256,125,534.27",,,,"26,676,559.00",,,,,"57,229,448,975.27",,
302-03-01-02-,,,,TRANSPORTE,,,,,,0.00,,"2,985,900,295.58",,,,0.00,,,,,"2,985,900,295.58",,
302-03-01-02-01-,,,,IMPUESTOS MUNICIPALES,,,,,,0.00,,"1,637,553,676.31",,,,0.00,,,,,"1,637,553,676.31",,
302-03-01-02-01-01,,,,,FACULTATIVO,,,,,,0.00,"1,078,684,085.70",,,,0.00,,,,,"1,078,684,085.70",,
302-03-01-02-01-03,,,,,CONTRATO,,,,,,0.00,"558,869,590.61",,,,0.00,,,,,"558,869,590.61",,
302-03-01-02-02-,,,,APORTE A LA SUPERINTENDENCIA,,,,,,0.00,,"1,348,346,619.27",,,,0.00,,,,,"1,348,346,619.27",,
302-03-01-02-02-01,,,,,FACULTATIVO,,,,,,0.00,"1,348,346,619.27",,,,0.00,,,,,"1,348,346,619.27",,
302-03-01-03-,,,,INCENDIO,,,,,,0.00,,"18,451,315,077.00",,,,"2,137,546.01",,,,,"18,449,177,530.99",,
302-03-01-03-01-,,,,IMPUESTOS MUNICIPALES,,,,,,0.00,,"14,191,555,428.40",,,,0.00,,,,,"14,191,555,428.40",,
302-03-01-03-01-01,,,,,FACULTATIVO,,,,,,0.00,"3,407,778,707.00",,,,0.00,,,,,"3,407,778,707.00",,
302-03-01-03-01-03,,,,,CONTRATO,,,,,,0.00,"10,783,776,721.40",,,,0.00,,,,,"10,783,776,721.40",,
302-03-01-03-02-,,,,APORTE A LA SUPERINTENDENCIA,,,,,,0.00,,"4,259,759,648.60",,,,"2,137,546.01",,,,,"4,257,622,102.59",,
302-03-01-03-02-01,,,,,FACULTATIVO,,,,,,0.00,"4,259,759,648.60",,,,"2,137,546.01",,,,,"4,257,622,102.59",,
302-03-01-04-,,,,ACCIDENTES Y DIVERSOS,,,,,,0.00,,"35,812,023,958.95",,,,"24,539,012.99",,,,,"35,787,484,945.96",,
302-03-01-04-01-,,,,IMPUESTOS MUNICIPALES,,,,,,0.00,,"33,931,681,385.05",,,,"16,430,358.28",,,,,"33,915,251,026.77",,
302-03-01-04-01-01,,,,,FACULTATIVO,,,,,,0.00,"9,460,099.97",,,,"6,500,055.19",,,,,"2,960,044.78",,
302-03-01-04-01-03,,,,,CONTRATO,,,,,,0.00,"32,464,765,696.45",,,,"9,930,303.09",,,,,"32,454,835,393.36",,
302-03-01-04-01-04,,,,,CONTRATO NO PROPORCIONAL,,,,,,0.00,"1,457,455,588.63",,,,0.00,,,,,"1,457,455,588.63",,
302-03-01-04-02-,,,,APORTE A LA SUPERINTENDENCIA,,,,,,0.00,,"1,880,342,573.90",,,,"8,108,654.71",,,,,"1,872,233,919.19",,
302-03-01-04-02-01,,,,,FACULTATIVO,,,,,,0.00,"11,808,710.69",,,,"8,108,654.71",,,,,"3,700,055.98",,
302-03-01-04-02-04,,,,,CONTRATO NO PROPORCIONAL,,,,,,0.00,"1,868,533,863.21",,,,0.00,,,,,"1,868,533,863.21",,
302-03-01-05-,,,,FIANZAS.,,,,,,0.00,,"6,886,202.74",,,,0.00,,,,,"6,886,202.74",,
302-03-01-05-01-,,,,IMPUESTOS MUNICIPALES,,,,,,0.00,,"6,886,202.74",,,,0.00,,,,,"6,886,202.74",,
302-03-01-05-01-03,,,,,CONTRATO,,,,,,0.00,"6,886,202.74",,,,0.00,,,,,"6,886,202.74",,
302-03-02-,,,,NEGOCIOS EXTRANJEROS,,,,,,0.00,,"3,325,989,451.84",,,,"3,325,989,451.84",,,,,0.00,,
302-03-02-04-,,,,ACCIDENTES Y DIVERSOS,,,,,,0.00,,"3,325,989,451.84",,,,"3,325,989,451.84",,,,,0.00,,
302-03-02-04-01-,,,,IMPUESTOS MUNICIPALES,,,,,,0.00,,"1,457,455,588.63",,,,"1,457,455,588.63",,,,,0.00,,
302-03-02-04-01-04,,,,,CONTRATO NO PROPORCIONAL,,,,,,0.00,"1,457,455,588.63",,,,"1,457,455,588.63",,,,,0.00,,
302-03-02-04-02-,,,,APORTE A LA SUPERINTENDENCIA,,,,,,0.00,,"1,868,533,863.21",,,,"1,868,533,863.21",,,,,0.00,,
302-03-02-04-02-04,,,,,CONTRATO NO PROPORCIONAL,,,,,,0.00,"1,868,533,863.21",,,,"1,868,533,863.21",,,,,0.00,,
303-,,,,PRIMAS RETROCEDIDAS,,,,,,0.00,,"877,290,696,979.72",,,,"490,438,768.52",,,,,"876,800,258,211.20",,
303-01-,,,,AL PAIS,,,,,,0.00,,"877,290,696,979.72",,,,"490,438,768.52",,,,,"876,800,258,211.20",,
303-01-01-,,,,DE NEGOCIOS NACIONALES.,,,,,,0.00,,"877,290,696,979.72",,,,"490,438,768.52",,,,,"876,800,258,211.20",,
303-01-01-02-,,,,TRANSPORTE,,,,,,0.00,,"48,247,472,103.77",,,,"97,612,856.45",,,,,"48,149,859,247.32",,
303-01-01-02-01-,,,,TRANSPORTE,,,,,,0.00,,"48,247,472,103.77",,,,"97,612,856.45",,,,,"48,149,859,247.32",,
303-01-01-02-01-01,,,,,FACULTATIVO,,,,,,0.00,"48,247,472,103.77",,,,"97,612,856.45",,,,,"48,149,859,247.32",,
303-01-01-03-,,,,INCENDIO,,,,,,0.00,,"285,316,621,375.93",,,,"21,139,992.83",,,,,"285,295,481,383.10",,
303-01-01-03-01-,,,,INCENDIO,,,,,,0.00,,"285,316,621,375.93",,,,"21,139,992.83",,,,,"285,295,481,383.10",,
303-01-01-03-01-01,,,,,FACULTATIVO,,,,,,0.00,"285,316,621,375.93",,,,"21,139,992.83",,,,,"285,295,481,383.10",,
303-01-01-04-,,,,ACCIDENTES Y DIVERSOS,,,,,,0.00,,"543,726,603,500.02",,,,"371,685,919.24",,,,,"543,354,917,580.78",,
303-01-01-04-01-,,,,ACCIDENTES Y DIVERSOS,,,,,,0.00,,"543,726,603,500.02",,,,"371,685,919.24",,,,,"543,354,917,580.78",,
303-01-01-04-01-01,,,,,FACULTATIVO,,,,,,0.00,"543,726,603,500.02",,,,"371,685,919.24",,,,,"543,354,917,580.78",,
304-,,,,RESERVAS DE PRIMAS,,,,,,0.00,,"925,948,536,928.67",,,,"751,736,532,462.21",,,,,"174,212,004,466.46",,
304-01-,,,,NEGOCIOS NACIONALES,,,,,,0.00,,"925,948,536,928.67",,,,"751,736,532,462.21",,,,,"174,212,004,466.46",,
304-01-02-,,,,TRANSPORTE,,,,,,0.00,,"28,638,603,283.09",,,,"15,337,264,795.98",,,,,"13,301,338,487.11",,
304-01-02-01-,,,,TRANSPORTE,,,,,,0.00,,"28,638,603,283.09",,,,"15,337,264,795.98",,,,,"13,301,338,487.11",,
304-01-02-01-01-,,,,TRANSPORTE,,,,,,0.00,,"28,638,603,283.09",,,,"15,337,264,795.98",,,,,"13,301,338,487.11",,
304-01-02-01-01-01,,,,,FACULTATIVO,,,,,,0.00,"25,922,323,088.63",,,,"13,915,546,361.12",,,,,"12,006,776,727.51",,
304-01-02-01-01-03,,,,,CONTRATO,,,,,,0.00,"2,716,280,194.46",,,,"1,421,718,434.86",,,,,"1,294,561,759.60",,
304-01-03-,,,,INCENDIO,,,,,,0.00,,"589,331,879,488.45",,,,"543,230,262,143.30",,,,,"46,101,617,345.15",,
304-01-03-01-,,,,INCENDIO,,,,,,0.00,,"589,331,879,488.45",,,,"543,230,262,143.30",,,,,"46,101,617,345.15",,
304-01-03-01-01-,,,,INCENDIO,,,,,,0.00,,"589,331,879,488.45",,,,"543,230,262,143.30",,,,,"46,101,617,345.15",,
304-01-03-01-01-01,,,,,FACULTATIVO,,,,,,0.00,"486,298,344,206.34",,,,"480,223,650,648.37",,,,,"6,074,693,557.97",,
304-01-03-01-01-03,,,,,CONTRATO,,,,,,0.00,"103,033,535,282.11",,,,"63,006,611,494.93",,,,,"40,026,923,787.18",,
304-01-04-,,,,ACCIDENTES Y DIVERSOS,,,,,,0.00,,"299,351,258,478.54",,,,"184,542,209,844.34",,,,,"114,809,048,634.20",,
304-01-04-01-,,,,ACCIDENTES Y DIVERSOS,,,,,,0.00,,"299,351,258,478.54",,,,"184,542,209,844.34",,,,,"114,809,048,634.20",,
304-01-04-01-01-,,,,ACCIDENTES Y DIVERSOS,,,,,,0.00,,"299,351,258,478.54",,,,"184,542,209,844.34",,,,,"114,809,048,634.20",,
304-01-04-01-01-01,,,,,FACULTATIVO,,,,,,0.00,"20,498,854,456.40",,,,"20,498,854,456.40",,,,,0.00,,
304-01-04-01-01-03,,,,,CONTRATO,,,,,,0.00,"278,852,404,022.14",,,,"164,043,355,387.94",,,,,"114,809,048,634.20",,
304-01-05-,,,,FIANZAS,,,,,,0.00,,"8,626,795,678.59",,,,"8,626,795,678.59",,,,,0.00,,
304-01-05-01-,,,,FIANZAS,,,,,,0.00,,"8,626,795,678.59",,,,"8,626,795,678.59",,,,,0.00,,
304-01-05-01-01-,,,,FIANZAS,,,,,,0.00,,"8,626,795,678.59",,,,"8,626,795,678.59",,,,,0.00,,
304-01-05-01-01-01,,,,,FACULTATIVO,,,,,,0.00,"8,626,795,678.59",,,,"8,626,795,678.59",,,,,0.00,,
305-,,,,RESERVAS PARA PRESTACIONES Y SINIESTROS PENDIENTES,,,,,,0.00,,"42,924,027,884.70",,,,"16,395,130,794.74",,,,,"26,528,897,089.96",,
305-01-,,,,NEGOCIOS NACIONALES,,,,,,0.00,,"42,924,027,884.70",,,,"16,395,130,794.74",,,,,"26,528,897,089.96",,
305-01-02-,,,,TRANSPORTE,,,,,,0.00,,"1,973,247,143.01",,,,"1,973,247,143.01",,,,,0.00,,
305-01-02-01-,,,,TRANSPORTE,,,,,,0.00,,"1,973,247,143.01",,,,"1,973,247,143.01",,,,,0.00,,
305-01-02-01-01-,,,,TRANSPORTE,,,,,,0.00,,"1,973,247,143.01",,,,"1,973,247,143.01",,,,,0.00,,
305-01-02-01-01-01,,,,,FACULTATIVO,,,,,,0.00,"1,973,247,143.01",,,,"1,973,247,143.01",,,,,0.00,,
305-01-03-,,,,INCENDIO,,,,,,0.00,,"38,146,856,091.03",,,,"11,617,959,001.07",,,,,"26,528,897,089.96",,
305-01-03-01-,,,,INCENDIO,,,,,,0.00,,"38,146,856,091.03",,,,"11,617,959,001.07",,,,,"26,528,897,089.96",,
305-01-03-01-01-,,,,INCENDIO,,,,,,0.00,,"38,146,856,091.03",,,,"11,617,959,001.07",,,,,"26,528,897,089.96",,
305-01-03-01-01-01,,,,,FACULTATIVO,,,,,,0.00,"38,146,856,091.03",,,,"11,617,959,001.07",,,,,"26,528,897,089.96",,
305-01-04-,,,,ACCIDENTES Y DIVERSOS,,,,,,0.00,,"2,803,924,650.66",,,,"2,803,924,650.66",,,,,0.00,,
305-01-04-01-,,,,ACCIDENTES Y DIVERSOS,,,,,,0.00,,"2,803,924,650.66",,,,"2,803,924,650.66",,,,,0.00,,
305-01-04-01-01-,,,,ACCIDENTES Y DIVERSOS,,,,,,0.00,,"2,803,924,650.66",,,,"2,803,924,650.66",,,,,0.00,,
305-01-04-01-01-01,,,,,FACULTATIVO,,,,,,0.00,"2,803,924,650.66",,,,"2,803,924,650.66",,,,,0.00,,
311-,,,,EGRESOS FINANCIEROS,,,,,,0.00,,"6,669,501,477.24",,,,"29,078,156.31",,,,,"6,640,423,320.93",,
311-01-,,,,INTERESES PAGADOS,,,,,,0.00,,"5,509,702,805.75",,,,"29,078,156.31",,,,,"5,480,624,649.44",,
311-01-03-,,,,OBLIGACIONES DOCUMENTADAS,,,,,,0.00,,"5,509,702,805.75",,,,"29,078,156.31",,,,,"5,480,624,649.44",,
311-01-03-01-,,,,OBLIGACIONES DOCUMENTADAS,,,,,,0.00,,"5,509,702,805.75",,,,"29,078,156.31",,,,,"5,480,624,649.44",,
311-01-03-01-01-,,,,OBLIGACIONES DOCUMENTADAS,,,,,,0.00,,"5,509,702,805.75",,,,"29,078,156.31",,,,,"5,480,624,649.44",,
311-01-03-01-01-01,,,,,OBLIGACIONES DOCUMENTADAS,,,,,,0.00,"5,509,702,805.75",,,,"29,078,156.31",,,,,"5,480,624,649.44",,
311-02-,,,,COMISIONES PAGADAS,,,,,,0.00,,"1,159,798,671.49",,,,0.00,,,,,"1,159,798,671.49",,
311-02-01-,,,,NEGOCIACION DE VALORES,,,,,,0.00,,"42,221.88",,,,0.00,,,,,"42,221.88",,
311-02-01-01-,,,,BONOS PUBLICOS,,,,,,0.00,,"42,221.88",,,,0.00,,,,,"42,221.88",,
311-02-01-01-01-,,,,BONOS PUBLICOS,,,,,,0.00,,"42,221.88",,,,0.00,,,,,"42,221.88",,
311-02-01-01-01-01,,,,,BONOS PUBLICOS,,,,,,0.00,"42,221.88",,,,0.00,,,,,"42,221.88",,
311-02-04-,,,,OPERACIONES BANCARIAS,,,,,,0.00,,"1,159,756,449.61",,,,0.00,,,,,"1,159,756,449.61",,
311-02-04-01-,,,,OPERACIONES BANCARIAS,,,,,,0.00,,"1,159,756,449.61",,,,0.00,,,,,"1,159,756,449.61",,
311-02-04-01-01-,,,,OPERACIONES BANCARIAS,,,,,,0.00,,"1,159,756,449.61",,,,0.00,,,,,"1,159,756,449.61",,
311-02-04-01-01-01,,,,,COMISIONES BANCARIAS,,,,,,0.00,"1,159,739,799.48",,,,0.00,,,,,"1,159,739,799.48",,
311-02-04-01-01-02,,,,,IGTF,,,,,,0.00,"16,650.13",,,,0.00,,,,,"16,650.13",,
312-,,,,AJUSTE DE VALORES Y OTROS ACTIVOS,,,,,,0.00,,"3,175,945,366.22",,,,622.56,,,,,"3,175,944,743.66",,
312-02-,,,,AJUSTE DE ACTIVOS DEPRECIABLES,,,,,,0.00,,"3,175,945,366.22",,,,622.56,,,,,"3,175,944,743.66",,
312-02-01-,,,,PREDIOS URBANOS EDIFICADOS,,,,,,0.00,,"2,183,545,305.32",,,,0.00,,,,,"2,183,545,305.32",,
312-02-01-01-,,,,PREDIOS URBANOS EDIFICADOS,,,,,,0.00,,"2,183,545,305.32",,,,0.00,,,,,"2,183,545,305.32",,
312-02-01-01-01-,,,,PREDIOS URBANOS EDIFICADOS,,,,,,0.00,,"2,183,545,305.32",,,,0.00,,,,,"2,183,545,305.32",,
312-02-01-01-01-01,,,,,PREDIOS URBANOS EDIFICADOS,,,,,,0.00,"2,183,545,305.32",,,,0.00,,,,,"2,183,545,305.32",,
312-02-03-,,,,MOBILIARIO,,,,,,0.00,,365.68,,,,0.00,,,,,365.68,,
312-02-03-01-,,,,MOBILIARIO,,,,,,0.00,,365.68,,,,0.00,,,,,365.68,,
312-02-03-01-01-,,,,MOBILIARIO,,,,,,0.00,,365.68,,,,0.00,,,,,365.68,,
312-02-03-01-01-01,,,,,MOBILIARIO,,,,,,0.00,365.68,,,,0.00,,,,,365.68,,
312-02-04-,,,,EQUIPO DE OFICINA,,,,,,0.00,,"8,092.44",,,,0.00,,,,,"8,092.44",,
312-02-04-01-,,,,EQUIPO DE OFICINA,,,,,,0.00,,"8,092.44",,,,0.00,,,,,"8,092.44",,
312-02-04-01-01-,,,,EQUIPO DE OFICINA,,,,,,0.00,,"8,092.44",,,,0.00,,,,,"8,092.44",,
312-02-04-01-01-01,,,,,EQUIPO DE OFICINA,,,,,,0.00,"8,092.44",,,,0.00,,,,,"8,092.44",,
312-02-05-,,,,EQUIPOS DE COMPUTACION,,,,,,0.00,,"991,175,465.64",,,,0.00,,,,,"991,175,465.64",,
312-02-05-01-,,,,EQUIPOS DE COMPUTACION,,,,,,0.00,,"991,175,465.64",,,,0.00,,,,,"991,175,465.64",,
312-02-05-01-01-,,,,EQUIPOS DE COMPUTACION,,,,,,0.00,,"991,175,465.64",,,,0.00,,,,,"991,175,465.64",,
312-02-05-01-01-01,,,,,EQUIPOS DE COMPUTACION,,,,,,0.00,"991,175,465.64",,,,0.00,,,,,"991,175,465.64",,
312-02-06-,,,,VEHICULOS,,,,,,0.00,,"672,156.08",,,,0.00,,,,,"672,156.08",,
312-02-06-01-,,,,VEHICULOS,,,,,,0.00,,"672,156.08",,,,0.00,,,,,"672,156.08",,
312-02-06-01-01-,,,,VEHICULOS,,,,,,0.00,,"672,156.08",,,,0.00,,,,,"672,156.08",,
312-02-06-01-01-01,,,,,VEHICULOS,,,,,,0.00,"672,156.08",,,,0.00,,,,,"672,156.08",,
312-02-09-,,,,GASTOS DE ORGANIZACION E INSTALACION,,,,,,0.00,,"543,981.06",,,,622.56,,,,,"543,358.50",,
312-02-09-01-,,,,GASTOS DE ORGANIZACION E INSTALACION,,,,,,0.00,,"543,981.06",,,,622.56,,,,,"543,358.50",,
312-02-09-01-01-,,,,GASTOS DE ORGANIZACION E INSTALACION,,,,,,0.00,,"543,981.06",,,,622.56,,,,,"543,358.50",,
312-02-09-01-01-01,,,,,GASTOS DE ORGANIZACION E INSTALACION,,,,,,0.00,"543,981.06",,,,622.56,,,,,"543,358.50",,
315-,,,,GASTOS DE ADMINISTRACION,,,,,,0.00,,"182,709,531,679.86",,,,"11,057,047,875.29",,,,,"171,652,483,804.57",,
315-01-,,,,REMUNERACIONES,,,,,,0.00,,"1,602,717,500.00",,,,"24,000,900.00",,,,,"1,578,716,600.00",,
315-01-01-,,,,REMUNERACIONES,,,,,,0.00,,"1,602,717,500.00",,,,"24,000,900.00",,,,,"1,578,716,600.00",,
315-01-01-01-,,,,REMUNERACIONES,,,,,,0.00,,"1,602,717,500.00",,,,"24,000,900.00",,,,,"1,578,716,600.00",,
315-01-01-01-01-,,,,REMUNERACIONES,,,,,,0.00,,"1,602,717,500.00",,,,"24,000,900.00",,,,,"1,578,716,600.00",,
315-01-01-01-01-01,,,,,SUELDOS,,,,,,0.00,"1,602,717,500.00",,,,"24,000,900.00",,,,,"1,578,716,600.00",,
315-02-,,,,PRESTACIONES LEGALES,,,,,,0.00,,"8,277,735,334.91",,,,"5,763,354,923.99",,,,,"2,514,380,410.92",,
315-02-01-,,,,PRESTACIONES LEGALES,,,,,,0.00,,"8,277,735,334.91",,,,"5,763,354,923.99",,,,,"2,514,380,410.92",,
315-02-01-01-,,,,PRESTACIONES LEGALES,,,,,,0.00,,"8,277,735,334.91",,,,"5,763,354,923.99",,,,,"2,514,380,410.92",,
315-02-01-01-01-,,,,PRESTACIONES LEGALES,,,,,,0.00,,"8,277,735,334.91",,,,"5,763,354,923.99",,,,,"2,514,380,410.92",,
315-02-01-01-01-01,,,,,PRESTACIONES SOCIALES,,,,,,0.00,"7,200,632,817.52",,,,"5,715,892,826.78",,,,,"1,484,739,990.74",,
315-02-01-01-01-02,,,,,INTERESES  S/PRESTACIONES SOCIALES,,,,,,0.00,"60,284,468.78",,,,0.00,,,,,"60,284,468.78",,
315-02-01-01-01-03,,,,,VACACIONES,,,,,,0.00,"391,022,981.97",,,,"29,175,697.24",,,,,"361,847,284.73",,
315-02-01-01-01-04,,,,,UTILIDADES LEGALES,,,,,,0.00,"625,795,066.64",,,,"18,286,399.97",,,,,"607,508,666.67",,
315-03-,,,,OTRAS PRESTACIONES,,,,,,0.00,,"15,737,528,768.28",,,,"29,175,697.24",,,,,"15,708,353,071.04",,
315-03-01-,,,,OTRAS PRESTACIONES,,,,,,0.00,,"15,737,528,768.28",,,,"29,175,697.24",,,,,"15,708,353,071.04",,
315-03-01-01-,,,,OTRAS PRESTACIONES,,,,,,0.00,,"15,737,528,768.28",,,,"29,175,697.24",,,,,"15,708,353,071.04",,
315-03-01-01-01-,,,,OTRAS PRESTACIONES,,,,,,0.00,,"15,737,528,768.28",,,,"29,175,697.24",,,,,"15,708,353,071.04",,
315-03-01-01-01-01,,,,,BONO VACACIONAL,,,,,,0.00,"380,736,881.96",,,,"29,175,697.24",,,,,"351,561,184.72",,
315-03-01-01-01-03,,,,,SEGURO DEL PERSONAL,,,,,,0.00,"15,356,791,886.32",,,,0.00,,,,,"15,356,791,886.32",,
315-04-,,,,OTROS GASTOS DE PERSONAL,,,,,,0.00,,"94,998,569,767.37",,,,0.00,,,,,"94,998,569,767.37",,
315-04-01-,,,,OTROS GASTOS DE PERSONAL,,,,,,0.00,,"94,998,569,767.37",,,,0.00,,,,,"94,998,569,767.37",,
315-04-01-01-,,,,OTROS GASTOS DE PERSONAL,,,,,,0.00,,"94,998,569,767.37",,,,0.00,,,,,"94,998,569,767.37",,
315-04-01-01-01-,,,,OTROS GASTOS DE PERSONAL,,,,,,0.00,,"94,998,569,767.37",,,,0.00,,,,,"94,998,569,767.37",,
315-04-01-01-01-01,,,,,CAPACITACION DEL PERSONAL,,,,,,0.00,"1,472,909,231.36",,,,0.00,,,,,"1,472,909,231.36",,
315-04-01-01-01-04,,,,,BONO ALIMENTACION,,,,,,0.00,"2,551,186,335.60",,,,0.00,,,,,"2,551,186,335.60",,
315-04-01-01-01-06,,,,,OTROS GASTOS DE PERSONAL,,,,,,0.00,"89,734,357,363.41",,,,0.00,,,,,"89,734,357,363.41",,
315-04-01-01-01-07,,,,,DIETA DIRECTIVOS,,,,,,0.00,"1,240,116,837.00",,,,0.00,,,,,"1,240,116,837.00",,
315-05-,,,,CONTRIBUCIONES,,,,,,0.00,,"201,000,367.24",,,,"593,834.64",,,,,"200,406,532.60",,
315-05-01-,,,,CONTRIBUCIONES,,,,,,0.00,,"201,000,367.24",,,,"593,834.64",,,,,"200,406,532.60",,
315-05-01-01-,,,,CONTRIBUCIONES,,,,,,0.00,,"201,000,367.24",,,,"593,834.64",,,,,"200,406,532.60",,
315-05-01-01-01-,,,,CONTRIBUCIONES,,,,,,0.00,,"201,000,367.24",,,,"593,834.64",,,,,"200,406,532.60",,
315-05-01-01-01-01,,,,,IVSS APORTE PATRONAL,,,,,,0.00,"107,266,866.77",,,,"324,000.33",,,,,"106,942,866.44",,
315-05-01-01-01-02,,,,,SEGURO PARO FORZOSO APORTE PATRONAL,,,,,,0.00,"32,930,088.47",,,,"269,834.31",,,,,"32,660,254.16",,
315-05-01-01-01-03,,,,,FONDO DE AHORRO OBLIGATORIO APORTE PATRONAL,,,,,,0.00,"27,789,026.00",,,,0.00,,,,,"27,789,026.00",,
315-05-01-01-01-05,,,,,INCE,,,,,,0.00,"33,014,386.00",,,,0.00,,,,,"33,014,386.00",,
315-06-,,,,REPARACIONES ORDINARIAS Y MANTENIMIENTO,,,,,,0.00,,"5,092,502,171.65",,,,"254,000,000.00",,,,,"4,838,502,171.65",,
315-06-01-,,,,REPARACIONES ORDINARIAS Y MANTENIMIENTO,,,,,,0.00,,"5,092,502,171.65",,,,"254,000,000.00",,,,,"4,838,502,171.65",,
315-06-01-01-,,,,REPARACIONES ORDINARIAS Y MANTENIMIENTO,,,,,,0.00,,"5,092,502,171.65",,,,"254,000,000.00",,,,,"4,838,502,171.65",,
315-06-01-01-01-,,,,REPARACIONES ORDINARIAS Y MANTENIMIENTO,,,,,,0.00,,"5,092,502,171.65",,,,"254,000,000.00",,,,,"4,838,502,171.65",,
315-06-01-01-01-02,,,,,VEHICULOS,,,,,,0.00,"621,200,000.00",,,,"254,000,000.00",,,,,"367,200,000.00",,
315-06-01-01-01-04,,,,,INSTALACIONES,,,,,,0.00,"4,320,880,118.21",,,,0.00,,,,,"4,320,880,118.21",,
315-06-01-01-01-05,,,,,OTROS EQUIPOS,,,,,,0.00,"150,422,053.44",,,,0.00,,,,,"150,422,053.44",,
315-07-,,,,PRIMAS DE SEGUROS (RIESGOS PROPIOS),,,,,,0.00,,"57,651,610.18",,,,0.00,,,,,"57,651,610.18",,
315-07-01-,,,,PRIMAS DE SEGUROS (RIESGOS PROPIOS),,,,,,0.00,,"57,651,610.18",,,,0.00,,,,,"57,651,610.18",,
315-07-01-01-,,,,PRIMAS DE SEGUROS (RIESGOS PROPIOS),,,,,,0.00,,"57,651,610.18",,,,0.00,,,,,"57,651,610.18",,
315-07-01-01-01-,,,,PRIMAS DE SEGUROS (RIESGOS PROPIOS),,,,,,0.00,,"57,651,610.18",,,,0.00,,,,,"57,651,610.18",,
315-07-01-01-01-01,,,,,PRIMAS DE SEGUROS (RIESGOS PROPIOS),,,,,,0.00,"57,651,610.18",,,,0.00,,,,,"57,651,610.18",,
315-09-,,,,PUBLICIDAD E IMAGEN,,,,,,0.00,,"304,012,800.00",,,,0.00,,,,,"304,012,800.00",,
315-09-01-,,,,PUBLICIDAD E IMAGEN,,,,,,0.00,,"304,012,800.00",,,,0.00,,,,,"304,012,800.00",,
315-09-01-01-,,,,PUBLICIDAD E IMAGEN,,,,,,0.00,,"304,012,800.00",,,,0.00,,,,,"304,012,800.00",,
315-09-01-01-01-,,,,PUBLICIDAD E IMAGEN,,,,,,0.00,,"304,012,800.00",,,,0.00,,,,,"304,012,800.00",,
315-09-01-01-01-01,,,,,PUBLICIDAD E IMAGEN,,,,,,0.00,"304,012,800.00",,,,0.00,,,,,"304,012,800.00",,
315-10-,,,,SERVICIOS BÁSICOS,,,,,,0.00,,"6,470,196,540.06",,,,"1,747,655,016.42",,,,,"4,722,541,523.64",,
315-10-01-,,,,SERVICIOS BÁSICOS,,,,,,0.00,,"6,470,196,540.06",,,,"1,747,655,016.42",,,,,"4,722,541,523.64",,
315-10-01-01-,,,,SERVICIOS BÁSICOS,,,,,,0.00,,"6,470,196,540.06",,,,"1,747,655,016.42",,,,,"4,722,541,523.64",,
315-10-01-01-01-,,,,SERVICIOS BÁSICOS,,,,,,0.00,,"6,470,196,540.06",,,,"1,747,655,016.42",,,,,"4,722,541,523.64",,
315-10-01-01-01-01,,,,,ENERGIA ELECTRICA,,,,,,0.00,"907,300,899.41",,,,"572,777,492.66",,,,,"334,523,406.75",,
315-10-01-01-01-02,,,,,TELEFONO E INTERNET,,,,,,0.00,"3,280,098,759.56",,,,0.00,,,,,"3,280,098,759.56",,
315-10-01-01-01-05,,,,,SERVICIO DE ASEO,,,,,,0.00,"2,240,871,924.15",,,,"1,132,952,566.82",,,,,"1,107,919,357.33",,
315-10-01-01-01-06,,,,,OTROS SERVICIOS,,,,,,0.00,"41,924,956.94",,,,"41,924,956.94",,,,,0.00,,
315-11-,,,,ALQUILERES,,,,,,0.00,,"28,062,480,966.13",,,,0.00,,,,,"28,062,480,966.13",,
315-11-01-,,,,ALQUILERES,,,,,,0.00,,"28,062,480,966.13",,,,0.00,,,,,"28,062,480,966.13",,
315-11-01-01-,,,,ALQUILERES,,,,,,0.00,,"28,062,480,966.13",,,,0.00,,,,,"28,062,480,966.13",,
315-11-01-01-01-,,,,ALQUILERES,,,,,,0.00,,"28,062,480,966.13",,,,0.00,,,,,"28,062,480,966.13",,
315-11-01-01-01-01,,,,,ALQUILER OFICINA,,,,,,0.00,"28,062,480,966.13",,,,0.00,,,,,"28,062,480,966.13",,
315-13-,,,,SERVICIOS PROFESIONALES,,,,,,0.00,,"10,262,588,369.13",,,,"451,524,252.43",,,,,"9,811,064,116.70",,
315-13-01-,,,,SERVICIOS PROFESIONALES,,,,,,0.00,,"10,262,588,369.13",,,,"451,524,252.43",,,,,"9,811,064,116.70",,
315-13-01-01-,,,,SERVICIOS PROFESIONALES,,,,,,0.00,,"10,262,588,369.13",,,,"451,524,252.43",,,,,"9,811,064,116.70",,
315-13-01-01-01-,,,,SERVICIOS PROFESIONALES,,,,,,0.00,,"10,262,588,369.13",,,,"451,524,252.43",,,,,"9,811,064,116.70",,
315-13-01-01-01-02,,,,,ASESORIA FINANCIERA,,,,,,0.00,"9,811,064,116.70",,,,0.00,,,,,"9,811,064,116.70",,
315-13-01-01-01-04,,,,,OTROS SERVICIOS PROFESIONALES,,,,,,0.00,"451,524,252.43",,,,"451,524,252.43",,,,,0.00,,
315-14-,,,,MANTENIMIENTO DE IT,,,,,,0.00,,"627,859,379.85",,,,"627,859,379.85",,,,,0.00,,
315-14-01-,,,,MANTENIMIENTO DE IT,,,,,,0.00,,"627,859,379.85",,,,"627,859,379.85",,,,,0.00,,
315-14-01-01-,,,,MANTENIMIENTO DE IT,,,,,,0.00,,"627,859,379.85",,,,"627,859,379.85",,,,,0.00,,
315-14-01-01-01-,,,,MANTENIMIENTO DE IT,,,,,,0.00,,"627,859,379.85",,,,"627,859,379.85",,,,,0.00,,
315-14-01-01-01-01,,,,,INSUMOS,,,,,,0.00,"627,859,379.85",,,,"627,859,379.85",,,,,0.00,,
315-16-,,,,OTROS GASTOS GENERALES,,,,,,0.00,,"9,834,238,641.70",,,,"2,157,683,870.28",,,,,"7,676,554,771.42",,
315-16-01-,,,,OTROS GASTOS GENERALES,,,,,,0.00,,"9,834,238,641.70",,,,"2,157,683,870.28",,,,,"7,676,554,771.42",,
315-16-01-01-,,,,OTROS GASTOS GENERALES,,,,,,0.00,,"9,834,238,641.70",,,,"2,157,683,870.28",,,,,"7,676,554,771.42",,
315-16-01-01-01-,,,,OTROS GASTOS GENERALES,,,,,,0.00,,"9,834,238,641.70",,,,"2,157,683,870.28",,,,,"7,676,554,771.42",,
315-16-01-01-01-01,,,,,ARTICULOS DE OFICINA,,,,,,0.00,"627,859,379.85",,,,0.00,,,,,"627,859,379.85",,
315-16-01-01-01-03,,,,,GASTOS LEGALES,,,,,,0.00,"3,734,307,323.24",,,,"612,847,778.93",,,,,"3,121,459,544.31",,
315-16-01-01-01-08,,,,,ARTICULOS DE ASEO Y LIMPIEZA,,,,,,0.00,"210,502,263.97",,,,0.00,,,,,"210,502,263.97",,
315-16-01-01-01-09,,,,,GASTOS MISCELANEOS,,,,,,0.00,"764,928,212.32",,,,"50,400,000.00",,,,,"714,528,212.32",,
315-16-01-01-01-11,,,,,CONDOMINIO,,,,,,0.00,"4,496,641,462.32",,,,"1,494,436,091.35",,,,,"3,002,205,370.97",,
315-17-,,,,GASTOS NO DEDUCIBLES,,,,,,0.00,,"1,180,449,463.36",,,,"1,200,000.44",,,,,"1,179,249,462.92",,
315-17-01-,,,,GASTOS NO DEDUCIBLES,,,,,,0.00,,"1,180,449,463.36",,,,"1,200,000.44",,,,,"1,179,249,462.92",,
315-17-01-01-,,,,GASTOS NO DEDUCIBLES,,,,,,0.00,,"1,180,449,463.36",,,,"1,200,000.44",,,,,"1,179,249,462.92",,
315-17-01-01-01-,,,,GASTOS NO DEDUCIBLES,,,,,,0.00,,"1,180,449,463.36",,,,"1,200,000.44",,,,,"1,179,249,462.92",,
315-17-01-01-01-01,,,,,GASTOS NO DEDUCIBLES,,,,,,0.00,"792,249,528.01",,,,0.00,,,,,"792,249,528.01",,
315-17-01-01-01-02,,,,,I.G.T.F.,,,,,,0.00,"384,993,704.62",,,,"1,200,000.44",,,,,"383,793,704.18",,
315-17-01-01-01-03,,,,,MULTAS,,,,,,0.00,"3,206,230.73",,,,0.00,,,,,"3,206,230.73",,
316-,,,,AJUSTES DE RESERVAS DE PROVISION,,,,,,0.00,,"220,172,924.26",,,,"74,833,132.55",,,,,"145,339,791.71",,
316-01-,,,,IMPUESTOS Y CONTRIBUCIONES POR PAGAR,,,,,,0.00,,"220,172,924.26",,,,"74,833,132.55",,,,,"145,339,791.71",,
316-01-01-,,,,IMPUESTOS,,,,,,0.00,,"220,172,924.26",,,,"74,833,132.55",,,,,"145,339,791.71",,
316-01-01-06-,,,,IMPUESTOS MUNICIPALES,,,,,,0.00,,"220,172,924.26",,,,"74,833,132.55",,,,,"145,339,791.71",,
316-01-01-06-01-,,,,IMPUESTOS MUNICIPALES,,,,,,0.00,,"220,172,924.26",,,,"74,833,132.55",,,,,"145,339,791.71",,
316-01-01-06-01-01,,,,,IMPUESTOS MUNICIPALES,,,,,,0.00,"220,172,924.26",,,,"74,833,132.55",,,,,"145,339,791.71",,
317-,,,,OTROS EGRESOS,,,,,,0.00,,"5,361,978,238,239.55",,,,"1,786,895,544,979.60",,,,,"3,575,082,693,259.95",,
317-01-,,,,DIFERENCIAS EN CAMBIO,,,,,,0.00,,"5,361,976,669,851.39",,,,"1,786,895,421,478.40",,,,,"3,575,081,248,372.99",,
317-01-01-,,,,DIFERENCIAL CAMBIARIO TÉCNICO,,,,,,0.00,,"4,923,216,390,859.45",,,,"1,786,895,421,478.40",,,,,"3,136,320,969,381.05",,
317-01-01-01-,,,,DIFERENCIAL CAMBIARIO TÉCNICO,,,,,,0.00,,"4,923,216,390,859.45",,,,"1,786,895,421,478.40",,,,,"3,136,320,969,381.05",,
317-01-01-01-01-,,,,DIFERENCIAL CAMBIARIO TÉCNICO,,,,,,0.00,,"4,923,216,390,859.45",,,,"1,786,895,421,478.40",,,,,"3,136,320,969,381.05",,
317-01-01-01-01-01,,,,,DIFERENCIAL CAMBIARIO TÉCNICO,,,,,,0.00,"3,136,824,512,929.33",,,,"503,543,548.28",,,,,"3,136,320,969,381.05",,
317-01-01-01-01-03,,,,,DIFERENCIAL CAMBIARIO TÉCNICO,,,,,,0.00,"1,773,035,215,392.36",,,,"1,773,035,215,392.36",,,,,0.00,,
317-01-01-01-01-04,,,,,OTRAS,,,,,,0.00,"13,356,662,537.76",,,,"13,356,662,537.76",,,,,0.00,,
317-01-02-,,,,PÉRDIDA FINANCIERA,,,,,,0.00,,"438,760,278,991.94",,,,0.00,,,,,"438,760,278,991.94",,
317-01-02-01-,,,,PÉRDIDA FINANCIERA,,,,,,0.00,,"438,760,278,991.94",,,,0.00,,,,,"438,760,278,991.94",,
317-01-02-01-01-,,,,PÉRDIDA FINANCIERA,,,,,,0.00,,"438,760,278,991.94",,,,0.00,,,,,"438,760,278,991.94",,
317-01-02-01-01-01,,,,,POSICIÓN MONEDA EXTRANJERA,,,,,,0.00,"11,328,784,739.13",,,,0.00,,,,,"11,328,784,739.13",,
317-01-02-01-01-02,,,,,DIFERENCIAL CAMBIARIO ADMINISTRATIVO,,,,,,0.00,"427,431,494,252.81",,,,0.00,,,,,"427,431,494,252.81",,
317-02-,,,,DIFERENCIAS EN COBRANZAS,,,,,,0.00,,"1,064,836.56",,,,"123,501.20",,,,,"941,335.36",,
317-02-01-,,,,DIFERENCIAS EN COBRANZAS,,,,,,0.00,,"1,064,836.56",,,,"123,501.20",,,,,"941,335.36",,
317-02-01-01-,,,,DIFERENCIAS EN COBRANZAS,,,,,,0.00,,"1,064,836.56",,,,"123,501.20",,,,,"941,335.36",,
317-02-01-01-01-,,,,DIFERENCIAS EN COBRANZAS,,,,,,0.00,,"1,064,836.56",,,,"123,501.20",,,,,"941,335.36",,
317-02-01-01-01-01,,,,,DIFERENCIAS EN COBRANZAS,,,,,,0.00,"1,064,836.56",,,,"123,501.20",,,,,"941,335.36",,
317-04-,,,,EGRESOS MICELANEOS,,,,,,0.00,,"503,551.60",,,,0.00,,,,,"503,551.60",,
317-04-01-,,,,EGRESOS MICELANEOS,,,,,,0.00,,"503,551.60",,,,0.00,,,,,"503,551.60",,
317-04-01-01-,,,,EGRESOS MICELANEOS,,,,,,0.00,,"503,551.60",,,,0.00,,,,,"503,551.60",,
317-04-01-01-01-,,,,EGRESOS MICELANEOS,,,,,,0.00,,"503,551.60",,,,0.00,,,,,"503,551.60",,
317-04-01-01-01-02,,,,,EFECTOS DE AÑOS ANTERIORES,,,,,,0.00,"503,551.60",,,,0.00,,,,,"503,551.60",,
401-,,,,RESERVAS TECNICAS,,,,,,"-281,479,538,326.73",,"763,062,927,882.33",,,,"963,803,829,438.75",,,,,"-482,220,439,883.15",,
401-02-,,,,RIESGOS EN CURSO,,,,,,"-277,093,145,243.71",,"746,854,662,245.75",,,,"921,066,666,712.21",,,,,"-451,305,149,710.17",,
401-02-01-,,,,NEGOCIOS NACIONALES,,,,,,"-277,093,145,243.71",,"746,854,662,245.75",,,,"921,066,666,712.21",,,,,"-451,305,149,710.17",,
401-02-01-01-,,,,NEGOCIOS NACIONALES,,,,,,"-277,093,145,243.71",,"746,854,662,245.75",,,,"921,066,666,712.21",,,,,"-451,305,149,710.17",,
401-02-01-01-02-,,,,TRANSPORTE,,,,,,"-33,684,090.59",,"15,337,264,795.98",,,,"28,638,603,283.09",,,,,"-13,335,022,577.70",,
401-02-01-01-02-01,,,,,FACULTATIVO,,,,,,0.00,"13,915,546,361.12",,,,"25,922,323,088.63",,,,,"-12,006,776,727.51",,
401-02-01-01-02-03,,,,,CONTRATO,,,,,,"-33,684,090.59","1,421,718,434.86",,,,"2,716,280,194.46",,,,,"-1,328,245,850.19",,
401-02-01-01-03-,,,,INCENDIO,,,,,,"-238,395,547,323.85",,"543,230,262,143.30",,,,"589,331,879,488.45",,,,,"-284,497,164,669.00",,
401-02-01-01-03-01,,,,,FACULTATIVO,,,,,,"-227,667,342,807.32","480,223,650,648.37",,,,"486,298,344,206.34",,,,,"-233,742,036,365.29",,
401-02-01-01-03-03,,,,,CONTRATO,,,,,,"-10,728,204,516.53","63,006,611,494.93",,,,"103,033,535,282.11",,,,,"-50,755,128,303.71",,
401-02-01-01-04-,,,,ACCIDENTES Y DIVERSOS,,,,,,"-34,050,032,095.55",,"179,660,339,627.88",,,,"295,671,323,839.77",,,,,"-150,061,016,307.44",,
401-02-01-01-04-01,,,,,FACULTATIVO,,,,,,"-11,052,482,987.69","20,498,854,456.40",,,,"16,818,919,817.63",,,,,"-7,372,548,348.92",,
401-02-01-01-04-03,,,,,CONTRATO,,,,,,"-22,997,549,107.86","159,161,485,171.48",,,,"278,852,404,022.14",,,,,"-142,688,467,958.52",,
401-02-01-01-05-,,,,FIANZA,,,,,,"-4,613,881,733.72",,"8,626,795,678.59",,,,"7,424,860,100.90",,,,,"-3,411,946,156.03",,
401-02-01-01-05-01,,,,,FACULTATIVO,,,,,,"-4,613,881,733.72","8,626,795,678.59",,,,"7,424,860,100.90",,,,,"-3,411,946,156.03",,
401-04-,,,,SINIESTROS PENDIENTES DE PAGO,,,,,,"-4,381,271,404.00",,"16,208,265,636.58",,,,"42,737,162,726.54",,,,,"-30,910,168,493.96",,
401-04-01-,,,,NEGOCIOS NACIONALES,,,,,,"-4,381,271,404.00",,"16,208,265,636.58",,,,"42,737,162,726.54",,,,,"-30,910,168,493.96",,
401-04-01-01-,,,,NEGOCIOS NACIONALES,,,,,,"-4,381,271,404.00",,"16,208,265,636.58",,,,"42,737,162,726.54",,,,,"-30,910,168,493.96",,
401-04-01-01-02-,,,,TRANSPORTE,,,,,,"-669,302,012.25",,"1,973,247,143.01",,,,"1,786,381,984.85",,,,,"-482,436,854.09",,
401-04-01-01-02-01,,,,,FACULTATIVO,,,,,,"-669,302,012.25","1,973,247,143.01",,,,"1,786,381,984.85",,,,,"-482,436,854.09",,
401-04-01-01-03-,,,,INCENDIO,,,,,,"-3,711,969,391.75",,"11,431,093,842.91",,,,"38,146,856,091.03",,,,,"-30,427,731,639.87",,
401-04-01-01-03-01,,,,,FACULTATIVO,,,,,,"-3,711,969,391.75","11,431,093,842.91",,,,"38,146,856,091.03",,,,,"-30,427,731,639.87",,
401-04-01-01-04-,,,,ACCIDENTES Y DIVERSOS,,,,,,0.00,,"2,803,924,650.66",,,,"2,803,924,650.66",,,,,0.00,,
401-04-01-01-04-01,,,,,FACULTATIVO,,,,,,0.00,"2,803,924,650.66",,,,"2,803,924,650.66",,,,,0.00,,
401-07-,,,,PARA RIESGOS CATASTROFICOS,,,,,,"-5,121,679.02",,0.00,,,,0.00,,,,,"-5,121,679.02",,
401-07-01-,,,,RIESGOS DE TERREMOTO,,,,,,"-1,020,860.92",,0.00,,,,0.00,,,,,"-1,020,860.92",,
401-07-01-01-,,,,TERREMOTO,,,,,,"-1,020,860.92",,0.00,,,,0.00,,,,,"-1,020,860.92",,
401-07-01-01-01-,,,,TERREMOTO,,,,,,"-1,020,860.92",,0.00,,,,0.00,,,,,"-1,020,860.92",,
401-07-01-01-01-03,,,,,CONTRATO,,,,,,"-1,020,860.92",0.00,,,,0.00,,,,,"-1,020,860.92",,
401-07-07-,,,,OTROS RIESGOS CATASTRÓFICOS,,,,,,"-4,100,818.10",,0.00,,,,0.00,,,,,"-4,100,818.10",,
401-07-07-01-,,,,OTROS RIESGOS CATASTRÓFICOS,,,,,,"-4,100,818.10",,0.00,,,,0.00,,,,,"-4,100,818.10",,
401-07-07-01-01-,,,,OTROS RIESGOS CATASTRÓFICOS,,,,,,"-4,100,818.10",,0.00,,,,0.00,,,,,"-4,100,818.10",,
401-07-07-01-01-01,,,,,FACULTATIVO,,,,,,"-677,063.08",0.00,,,,0.00,,,,,"-677,063.08",,
401-07-07-01-01-03,,,,,CONTRATO,,,,,,"-3,423,755.02",0.00,,,,0.00,,,,,"-3,423,755.02",,
402-,,,,OBLIGACIONES A PAGAR,,,,,,"-380,942,681,949.25",,"139,056,531,174.41",,,,"109,081,699,942.04",,,,,"-350,967,850,716.88",,
402-01-,,,,A CORTO PLAZO,,,,,,"-380,942,681,949.25",,"139,056,531,174.41",,,,"109,081,699,942.04",,,,,"-350,967,850,716.88",,
402-01-03-,,,,OTROS EFECTOS,,,,,,"-380,942,681,949.25",,"139,056,531,174.41",,,,"109,081,699,942.04",,,,,"-350,967,850,716.88",,
402-01-03-01-,,,,BANCARIOS,,,,,,"-380,942,681,949.25",,"139,056,531,174.41",,,,"109,081,699,942.04",,,,,"-350,967,850,716.88",,
402-01-03-01-01-,,,,BANCARIOS,,,,,,"-380,942,681,949.25",,"139,056,531,174.41",,,,"109,081,699,942.04",,,,,"-350,967,850,716.88",,
402-01-03-01-01-01,,,,,BANCARIOS,,,,,,"-380,942,681,949.25","139,056,531,174.41",,,,"109,081,699,942.04",,,,,"-350,967,850,716.88",,
403-,,,,CUENTAS ACREEDORAS POR REASEGUROS,,,,,,"-954,636,366,593.59",,"7,192,970,935,882.57",,,,"6,971,795,527,329.68",,,,,"-733,460,958,040.70",,
403-01-,,,,CUENTAS CORRIENTES CON REASEGURADORAS,,,,,,0.00,,"2,742,509,311,400.99",,,,"2,742,509,311,400.99",,,,,0.00,,
403-01-01-,,,,DEL PAIS,,,,,,0.00,,"2,742,509,311,400.99",,,,"2,742,509,311,400.99",,,,,0.00,,
403-01-01-01-,,,,DEL PAIS,,,,,,0.00,,"2,742,509,311,400.99",,,,"2,742,509,311,400.99",,,,,0.00,,
403-01-01-01-01-,,,,DEL PAIS,,,,,,0.00,,"2,742,509,311,400.99",,,,"2,742,509,311,400.99",,,,,0.00,,
403-01-01-01-01-01,,,,,FACULTATIVO,,,,,,0.00,"588,709,233.64",,,,"588,709,233.64",,,,,0.00,,
403-01-01-01-01-03,,,,,CONTRATO,,,,,,0.00,"2,741,920,602,167.35",,,,"2,741,920,602,167.35",,,,,0.00,,
403-02-,,,,CUENTA CORRIENTE CON RETROCESIONARIO,,,,,,"-954,636,366,593.59",,"4,444,082,542,170.50",,,,"4,222,907,133,617.61",,,,,"-733,460,958,040.70",,
403-02-01-,,,,DEL PAIS,,,,,,"-954,636,366,593.59",,"4,444,082,542,170.50",,,,"4,222,907,133,617.61",,,,,"-733,460,958,040.70",,
403-02-01-01-,,,,DEL PAIS,,,,,,"-954,636,366,593.59",,"4,444,082,542,170.50",,,,"4,222,907,133,617.61",,,,,"-733,460,958,040.70",,
403-02-01-01-01-,,,,DEL PAIS,,,,,,"-954,636,366,593.59",,"4,444,082,542,170.50",,,,"4,222,907,133,617.61",,,,,"-733,460,958,040.70",,
403-02-01-01-01-01,,,,,FACULTATIVO,,,,,,"-954,636,366,593.59","4,444,082,542,170.50",,,,"4,222,907,133,617.61",,,,,"-733,460,958,040.70",,
403-03-,,,,CTAS.CORRIENTES C/INTERMED. DE REASEGUROS,,,,,,0.00,,"6,379,082,311.08",,,,"6,379,082,311.08",,,,,0.00,,
403-03-01-,,,,DEL PAIS,,,,,,0.00,,"6,379,082,311.08",,,,"6,379,082,311.08",,,,,0.00,,
403-03-01-01-,,,,DEL PAIS,,,,,,0.00,,"6,379,082,311.08",,,,"6,379,082,311.08",,,,,0.00,,
403-03-01-01-01-,,,,DEL PAIS,,,,,,0.00,,"6,379,082,311.08",,,,"6,379,082,311.08",,,,,0.00,,
403-03-01-01-01-01,,,,,FACULTATIVO,,,,,,0.00,"4,108,517,390.65",,,,"4,108,517,390.65",,,,,0.00,,
403-03-01-01-01-03,,,,,CONTRATO,,,,,,0.00,"2,270,564,920.43",,,,"2,270,564,920.43",,,,,0.00,,
404-,,,,CUENTAS ACREEDORAS DIVERSAS,,,,,,"-637,328,670,377.04",,"800,739,379,956.44",,,,"192,259,610,876.43",,,,,"-28,848,901,297.03",,
404-02-,,,,GASTOS POR PAGAR,,,,,,"-2,431,962,003.71",,"40,843,390,978.72",,,,"48,906,646,225.61",,,,,"-10,495,217,250.60",,
404-02-01-,,,,GASTOS POR PAGAR,,,,,,"-2,431,962,003.71",,"40,843,390,978.72",,,,"48,906,646,225.61",,,,,"-10,495,217,250.60",,
404-02-01-01-,,,,GASTOS POR PAGAR,,,,,,"-2,431,962,003.71",,"40,843,390,978.72",,,,"48,906,646,225.61",,,,,"-10,495,217,250.60",,
404-02-01-01-01-,,,,GASTOS POR PAGAR,,,,,,"-2,431,962,003.71",,"40,843,390,978.72",,,,"48,906,646,225.61",,,,,"-10,495,217,250.60",,
404-02-01-01-01-01,,,,,GASTOS POR PAGAR,,,,,,"-2,431,962,003.71","40,843,390,978.72",,,,"48,906,646,225.61",,,,,"-10,495,217,250.60",,
404-04-,,,,IMPUESTOS Y CONTRIBUCIONES POR PAGAR,,,,,,"-9,571,566,360.04",,"6,493,860,702.99",,,,"6,800,558,914.03",,,,,"-9,878,264,571.08",,
404-04-01-,,,,IMPUESTO SOBRE LA RENTA,,,,,,"-1,987,371,384.10",,"6,057,688,908.69",,,,"6,384,417,556.62",,,,,"-2,314,100,032.03",,
404-04-01-02-,,,,RETENCIONES AL PERSONAL,,,,,,"-465,187.08",,"501,188.40",,,,"82,299.36",,,,,"-46,298.04",,
404-04-01-02-01-,,,,RETENCIONES AL PERSONAL,,,,,,"-465,187.08",,"501,188.40",,,,"82,299.36",,,,,"-46,298.04",,
404-04-01-02-01-01,,,,,RETENCION ISLR AL PERSONAL,,,,,,"-465,187.08","501,188.40",,,,"82,299.36",,,,,"-46,298.04",,
404-04-01-05-,,,,OTROS,,,,,,"-1,986,906,197.02",,"6,057,187,720.29",,,,"6,384,335,257.26",,,,,"-2,314,053,733.99",,
404-04-01-05-01-,,,,OTROS,,,,,,"-1,986,906,197.02",,"6,057,187,720.29",,,,"6,384,335,257.26",,,,,"-2,314,053,733.99",,
404-04-01-05-01-01,,,,,ISLR  RETENIDOS A TERCEROS,,,,,,"-528,882,664.46","1,140,157,779.96",,,,"1,309,821,892.99",,,,,"-698,546,777.49",,
404-04-01-05-01-02,,,,,IVA  RETENIDO A TERCEROS,,,,,,"-1,458,023,532.56","4,917,029,940.33",,,,"5,074,513,364.27",,,,,"-1,615,506,956.50",,
404-04-02-,,,,IMPUESTOS MUNICIPALES,,,,,,"-74,833,132.55",,"147,114,756.20",,,,"145,339,791.71",,,,,"-73,058,168.06",,
404-04-02-01-,,,,IMPUESTOS MUNICIPALES,,,,,,"-74,833,132.55",,"147,114,756.20",,,,"145,339,791.71",,,,,"-73,058,168.06",,
404-04-02-01-01-,,,,IMPUESTOS MUNICIPALES,,,,,,"-74,833,132.55",,"147,114,756.20",,,,"145,339,791.71",,,,,"-73,058,168.06",,
404-04-02-01-01-01,,,,,PATENTE MUNICIPAL,,,,,,"-74,833,132.55","147,114,756.20",,,,"145,339,791.71",,,,,"-73,058,168.06",,
404-04-03-,,,,CONTRIBUCIONES,,,,,,"-7,509,361,843.39",,"289,057,038.10",,,,"270,801,565.70",,,,,"-7,491,106,370.99",,
404-04-03-01-,,,,I.N.C.E,,,,,,"-42,122,810.00",,"42,122,810.00",,,,"33,014,386.00",,,,,"-33,014,386.00",,
404-04-03-01-01-,,,,I.N.C.E,,,,,,"-42,122,810.00",,"42,122,810.00",,,,"33,014,386.00",,,,,"-33,014,386.00",,
404-04-03-01-01-01,,,,,I.N.C.E APORTE EMPLEADO,,,,,,"-8,668,850.00","8,668,850.00",,,,0.00,,,,,0.00,,
404-04-03-01-01-02,,,,,I.N.C.E APORTE PATRONAL,,,,,,"-33,453,960.00","33,453,960.00",,,,"33,014,386.00",,,,,"-33,014,386.00",,
404-04-03-02-,,,,SEGURO SOCIAL OBLIGATORIO,,,,,,"-67,372,380.49",,"134,744,760.50",,,,"154,941,030.10",,,,,"-87,568,650.09",,
404-04-03-02-01-,,,,SEGURO SOCIAL OBLIGATORIO,,,,,,"-67,372,380.49",,"134,744,760.50",,,,"154,941,030.10",,,,,"-87,568,650.09",,
404-04-03-02-01-01,,,,,SEGURO SOCIAL OBLIGATORIO APORTE EMPLEADO,,,,,,"-20,729,963.35","41,459,926.55",,,,"47,674,163.23",,,,,"-26,944,200.03",,
404-04-03-02-01-02,,,,,SEGURO SOCIAL OBLIGATORIO APORTE PATRONAL,,,,,,"-46,642,417.14","93,284,833.95",,,,"107,266,866.87",,,,,"-60,624,450.06",,
404-04-03-03-,,,,LEY DE POLITICA HABITACIONAL,,,,,,"-61,784,940.00",,"80,539,929.00",,,,"41,683,539.00",,,,,"-22,928,550.00",,
404-04-03-03-01-,,,,LEY DE POLITICA HABITACIONAL,,,,,,"-61,784,940.00",,"80,539,929.00",,,,"41,683,539.00",,,,,"-22,928,550.00",,
404-04-03-03-01-01,,,,,LEY DE POLITICA HABITACIONAL  APORTE EMPLEADO,,,,,,"-20,594,980.00","26,846,643.00",,,,"13,894,513.00",,,,,"-7,642,850.00",,
404-04-03-03-01-02,,,,,LEY DE POLITICA HABITACIONAL  APORTE PATRONAL,,,,,,"-41,189,960.00","53,693,286.00",,,,"27,789,026.00",,,,,"-15,285,700.00",,
404-04-03-04-,,,,SEGURO DE PARO FORZOSO,,,,,,"-15,824,769.37",,"31,649,538.60",,,,"41,162,610.60",,,,,"-25,337,841.37",,
404-04-03-04-01-,,,,SEGURO DE PARO FORZOSO,,,,,,"-15,824,769.37",,"31,649,538.60",,,,"41,162,610.60",,,,,"-25,337,841.37",,
404-04-03-04-01-01,,,,,SEGURO DE PARO FORZOSO APORTE EMPLEADO,,,,,,"-3,164,953.88","6,329,907.74",,,,"8,232,522.13",,,,,"-5,067,568.27",,
404-04-03-04-01-02,,,,,SEGURO DE PARO FORZOSO APORTE PATRONAL,,,,,,"-12,659,815.49","25,319,630.86",,,,"32,930,088.47",,,,,"-20,270,273.10",,
404-04-03-09-,,,,DEPORTE,,,,,,"-287,440,275.87",,0.00,,,,0.00,,,,,"-287,440,275.87",,
404-04-03-09-01-,,,,DEPORTE,,,,,,"-287,440,275.87",,0.00,,,,0.00,,,,,"-287,440,275.87",,
404-04-03-09-01-01,,,,,DEPORTE,,,,,,"-287,440,275.87",0.00,,,,0.00,,,,,"-287,440,275.87",,
404-04-03-10-,,,,LEY ORGANICA DE CIENCIAS Y TECNOLOGÍA E INFORMACION (L.O.C.T,,,,,,"-7,034,816,667.66",,0.00,,,,0.00,,,,,"-7,034,816,667.66",,
404-04-03-10-01-,,,,LEY ORGANICA DE CIENCIAS Y TECNOLOGÍA E INFORMACION (L.O.C.T,,,,,,"-7,034,816,667.66",,0.00,,,,0.00,,,,,"-7,034,816,667.66",,
404-04-03-10-01-01,,,,,LEY ORGANICA DE CIENCIAS Y TECNOLOGÍA E INFORMACION (L.O.C.T,,,,,,"-7,034,816,667.66",0.00,,,,0.00,,,,,"-7,034,816,667.66",,
404-07-,,,,CUENTAS POR PAGAR AL PERSONAL,,,,,,"-625,325,142,013.29",,"753,402,128,274.73",,,,"136,552,405,736.79",,,,,"-8,475,419,475.35",,
404-07-01-,,,,UTILIDADES Y BONIFICACIONES,,,,,,"-621,407,985,461.36",,"747,582,235,447.95",,,,"129,291,488,450.49",,,,,"-3,117,238,463.90",,
404-07-01-01-,,,,UTILIDADES Y BONIFICACIONES,,,,,,"-621,407,985,461.36",,"747,582,235,447.95",,,,"129,291,488,450.49",,,,,"-3,117,238,463.90",,
404-07-01-01-01-,,,,UTILIDADES Y BONIFICACIONES,,,,,,"-621,407,985,461.36",,"747,582,235,447.95",,,,"129,291,488,450.49",,,,,"-3,117,238,463.90",,
404-07-01-01-01-01,,,,,UTILIDADES POR PAGAR,,,,,,0.00,"18,286,399.97",,,,"625,795,066.64",,,,,"-607,508,666.67",,
404-07-01-01-01-02,,,,,BONIFICACIONES POR PAGAR,,,,,,"-619,539,661,433.58","747,505,597,653.50",,,,"127,965,936,219.92",,,,,0.00,,
404-07-01-01-01-03,,,,,BONO VACACIONAL POR PAGAR,,,,,,"-934,162,013.89","29,175,697.24",,,,"349,878,581.96",,,,,"-1,254,864,898.61",,
404-07-01-01-01-04,,,,,VACACIONES POR PAGAR,,,,,,"-934,162,013.89","29,175,697.24",,,,"349,878,581.97",,,,,"-1,254,864,898.62",,
404-07-02-,,,,PRESTACIONES SOCIALES,,,,,,"-3,917,156,551.93",,"5,819,892,826.78",,,,"7,260,917,286.30",,,,,"-5,358,181,011.45",,
404-07-02-01-,,,,PRESTACIONES SOCIALES,,,,,,"-3,917,156,551.93",,"5,819,892,826.78",,,,"7,260,917,286.30",,,,,"-5,358,181,011.45",,
404-07-02-01-01-,,,,PRESTACIONES SOCIALES,,,,,,"-3,917,156,551.93",,"5,819,892,826.78",,,,"7,260,917,286.30",,,,,"-5,358,181,011.45",,
404-07-02-01-01-01,,,,,PRESTACIONES SOCIALES,,,,,,"-3,838,662,462.96","5,819,892,826.78",,,,"7,200,632,817.52",,,,,"-5,219,402,453.70",,
404-07-02-01-01-02,,,,,INTERESES S/PRESTACIONES SOCIALES,,,,,,"-78,494,088.97",0.00,,,,"60,284,468.78",,,,,"-138,778,557.75",,
405-,,,,PASIVOS TRANSITORIOS,,,,,,"-1,548,701,773,023.05",,"13,992,634,718,427.10",,,,"13,887,517,287,279.40",,,,,"-1,443,584,341,875.37",,
405-01-,,,,CREDITOS DIFERIDOS P/REASEGURO ACEPTADO,,,,,,"-1,548,701,773,023.05",,"7,656,661,466,157.84",,,,"7,551,544,035,010.16",,,,,"-1,443,584,341,875.37",,
405-01-01-,,,,AJUSTE PROVISIONAL DE RESERVAS,,,,,,"-1,548,701,773,023.05",,"7,656,661,466,157.84",,,,"7,551,544,035,010.16",,,,,"-1,443,584,341,875.37",,
405-01-01-01-,,,,AJUSTE PROVISIONAL DE RESERVAS,,,,,,"-1,548,701,773,023.05",,"7,656,661,466,157.84",,,,"7,551,544,035,010.16",,,,,"-1,443,584,341,875.37",,
405-01-01-01-01-,,,,AJUSTE PROVISIONAL DE RESERVAS,,,,,,"-1,548,701,773,023.05",,"7,656,661,466,157.84",,,,"7,551,544,035,010.16",,,,,"-1,443,584,341,875.37",,
405-01-01-01-01-02,,,,,CREDITOS DIFERIDOS P/REASEGURO ACEPTADO CONTRATO,,,,,,"-1,286,563,057,415.49","6,757,496,996,076.43",,,,"6,755,553,381,678.89",,,,,"-1,284,619,443,017.95",,
405-01-01-01-01-03,,,,,CREDITOS DIFERIDOS P/REASEGURO ACEPTADO CONTRATO NP,,,,,,"-262,138,715,607.56","899,164,470,081.41",,,,"795,990,653,331.27",,,,,"-158,964,898,857.42",,
405-02-,,,,OTROS CREDITOS DIFERIDOS,,,,,,0.00,,"6,335,973,252,269.24",,,,"6,335,973,252,269.24",,,,,0.00,,
405-02-02-,,,,OPERACIONES EN PROCESO,,,,,,0.00,,"6,335,973,252,269.24",,,,"6,335,973,252,269.24",,,,,0.00,,
405-02-02-01-,,,,OPERACIONES EN PROCESO,,,,,,0.00,,"6,335,973,252,269.24",,,,"6,335,973,252,269.24",,,,,0.00,,
405-02-02-01-01-,,,,OPERACIONES EN PROCESO,,,,,,0.00,,"6,335,973,252,269.24",,,,"6,335,973,252,269.24",,,,,0.00,,
405-02-02-01-01-01,,,,,OPERACIONES EN PROCESO,,,,,,0.00,"6,327,174,618,153.64",,,,"6,327,174,618,153.64",,,,,0.00,,
405-02-02-01-01-02,,,,,NOMINA POR PAGAR,,,,,,0.00,"8,798,634,115.60",,,,"8,798,634,115.60",,,,,0.00,,
407-,,,,RESERVAS DE PREVISION,,,,,,0.00,,"11,947,374.42",,,,"11,947,374.42",,,,,0.00,,
407-02-,,,,OTROS FINES,,,,,,0.00,,"11,947,374.42",,,,"11,947,374.42",,,,,0.00,,
407-02-02-,,,,OTROS,,,,,,0.00,,"11,947,374.42",,,,"11,947,374.42",,,,,0.00,,
407-02-02-01-,,,,OTROS,,,,,,0.00,,"11,947,374.42",,,,"11,947,374.42",,,,,0.00,,
407-02-02-01-01-,,,,OTROS,,,,,,0.00,,"11,947,374.42",,,,"11,947,374.42",,,,,0.00,,
407-02-02-01-01-01,,,,,OTROS,,,,,,0.00,"11,947,374.42",,,,"11,947,374.42",,,,,0.00,,
408-,,,,"RESERVAS DE DEPRECIACIONES,AMORTIZACIONES Y DEVALUACIONE",,,,,,"-5,765,897,962.04",,"2,139,111,338.50",,,,"5,315,056,082.16",,,,,"-8,941,842,705.70",,
408-01-,,,,DEPRECIACION ACUMULADA BIENES MUEBLES,,,,,,"-351,106,829.83",,0.00,,,,"991,856,079.84",,,,,"-1,342,962,909.67",,
408-01-01-,,,,MOBILIARIO,,,,,,"-7,053.80",,0.00,,,,365.68,,,,,"-7,419.48",,
408-01-01-01-,,,,MOBILIARIO,,,,,,"-7,053.80",,0.00,,,,365.68,,,,,"-7,419.48",,
408-01-01-01-01-,,,,MOBILIARIO,,,,,,"-7,053.80",,0.00,,,,365.68,,,,,"-7,419.48",,
408-01-01-01-01-01,,,,,MOBILIARIO,,,,,,"-7,053.80",0.00,,,,365.68,,,,,"-7,419.48",,
408-01-02-,,,,EQUIPO DE OFICINA,,,,,,"-104,919.87",,0.00,,,,"8,092.44",,,,,"-113,012.31",,
408-01-02-01-,,,,EQUIPO DE OFICINA,,,,,,"-104,919.87",,0.00,,,,"8,092.44",,,,,"-113,012.31",,
408-01-02-01-01-,,,,EQUIPO DE OFICINA,,,,,,"-104,919.87",,0.00,,,,"8,092.44",,,,,"-113,012.31",,
408-01-02-01-01-01,,,,,EQUIPO DE OFICINA,,,,,,"-104,919.87",0.00,,,,"8,092.44",,,,,"-113,012.31",,
408-01-03-,,,,EQUIPOS DE COMPUTACION,,,,,,"-343,265,048.24",,0.00,,,,"991,175,465.64",,,,,"-1,334,440,513.88",,
408-01-03-01-,,,,EQUIPOS DE COMPUTACION,,,,,,"-343,265,048.24",,0.00,,,,"991,175,465.64",,,,,"-1,334,440,513.88",,
408-01-03-01-01-,,,,EQUIPOS DE COMPUTACION,,,,,,"-343,265,048.24",,0.00,,,,"991,175,465.64",,,,,"-1,334,440,513.88",,
408-01-03-01-01-01,,,,,EQUIPOS DE COMPUTACION,,,,,,"-343,265,048.24",0.00,,,,"991,175,465.64",,,,,"-1,334,440,513.88",,
408-01-04-,,,,DEPRECIACION ACUMULADA DE VEHICULOS,,,,,,"-7,729,807.92",,0.00,,,,"672,156.08",,,,,"-8,401,964.00",,
408-01-04-01-,,,,DEPRECIACION ACUMULADA DE VEHICULOS,,,,,,"-7,729,807.92",,0.00,,,,"672,156.08",,,,,"-8,401,964.00",,
408-01-04-01-01-,,,,DEPRECIACION ACUMULADA DE VEHICULOS,,,,,,"-7,729,807.92",,0.00,,,,"672,156.08",,,,,"-8,401,964.00",,
408-01-04-01-01-01,,,,,DEPRECIACION ACUMULADA DE VEHICULOS,,,,,,"-7,729,807.92",0.00,,,,"672,156.08",,,,,"-8,401,964.00",,
408-02-,,,,AMORTIZACION ACUMULADA,,,,,,"-362,458.29",,622.56,,,,"543,981.06",,,,,"-905,816.79",,
408-02-02-,,,,GASTOS DE ORGANIZACION E INSTALACION,,,,,,"-362,458.29",,622.56,,,,"543,981.06",,,,,"-905,816.79",,
408-02-02-01-,,,,GASTOS DE ORGANIZACION E INSTALACION,,,,,,"-362,458.29",,622.56,,,,"543,981.06",,,,,"-905,816.79",,
408-02-02-01-01-,,,,GASTOS DE ORGANIZACION E INSTALACION,,,,,,"-362,458.29",,622.56,,,,"543,981.06",,,,,"-905,816.79",,
408-02-02-01-01-01,,,,,GASTOS DE ORGANIZACION E INSTALACION,,,,,,"-362,458.29",622.56,,,,"543,981.06",,,,,"-905,816.79",,
408-03-,,,,DEPRECIACION ACUMULADA BIENES INMUEBLES,,,,,,"-5,414,428,673.92",,0.00,,,,"2,183,545,305.32",,,,,"-7,597,973,979.24",,
408-03-01-,,,,PREDIOS URBANOS EDIFICADOS,,,,,,"-5,414,428,673.92",,0.00,,,,"2,183,545,305.32",,,,,"-7,597,973,979.24",,
408-03-01-01-,,,,PREDIOS URBANOS EDIFICADOS,,,,,,"-5,414,428,673.92",,0.00,,,,"2,183,545,305.32",,,,,"-7,597,973,979.24",,
408-03-01-01-01-,,,,PREDIOS URBANOS EDIFICADOS,,,,,,"-5,414,428,673.92",,0.00,,,,"2,183,545,305.32",,,,,"-7,597,973,979.24",,
408-03-01-01-01-01,,,,,PREDIOS URBANOS EDIFICADOS,,,,,,"-5,414,428,673.92",0.00,,,,"2,183,545,305.32",,,,,"-7,597,973,979.24",,
408-05-,,,,DEVALUACION DE INMUEBLES,,,,,,0.00,,"2,139,110,715.94",,,,"2,139,110,715.94",,,,,0.00,,
408-05-01-,,,,PREDIOS URBANOS EDIFICADOS E INMUEBLES,,,,,,0.00,,"2,139,110,715.94",,,,"2,139,110,715.94",,,,,0.00,,
408-05-01-01-,,,,PREDIOS URBANOS EDIFICADOS E INMUEBLES,,,,,,0.00,,"2,139,110,715.94",,,,"2,139,110,715.94",,,,,0.00,,
408-05-01-01-01-,,,,PREDIOS URBANOS EDIFICADOS E INMUEBLES,,,,,,0.00,,"2,139,110,715.94",,,,"2,139,110,715.94",,,,,0.00,,
408-05-01-01-01-01,,,,,PREDIOS URBANOS EDIFICADOS E INMUEBLES,,,,,,0.00,"2,139,110,715.94",,,,"2,139,110,715.94",,,,,0.00,,
409-,,,,CAPITAL SOCIAL SUSCRITO,,,,,,-400.00,,0.00,,,,0.00,,,,,-400.00,,
409-01-,,,,CAPITAL SOCIAL SUSCRITO,,,,,,-400.00,,0.00,,,,0.00,,,,,-400.00,,
409-01-01-,,,,CAPITAL SOCIAL SUSCRITO,,,,,,-400.00,,0.00,,,,0.00,,,,,-400.00,,
409-01-01-01-,,,,CAPITAL SOCIAL SUSCRITO,,,,,,-400.00,,0.00,,,,0.00,,,,,-400.00,,
409-01-01-01-01-,,,,CAPITAL SOCIAL SUSCRITO,,,,,,-400.00,,0.00,,,,0.00,,,,,-400.00,,
409-01-01-01-01-01,,,,,CAPITAL SOCIAL SUSCRITO,,,,,,-400.00,0.00,,,,0.00,,,,,-400.00,,
410-,,,,RESERVAS DE SUPERAVIT,,,,,,"-3,761,230,603.61",,"2,609,999,600.00",,,,"31,066,586,911.90",,,,,"-32,217,817,915.51",,
410-01-,,,,SUPERAVIT GANADO,,,,,,"-3,761,230,603.61",,"2,609,999,600.00",,,,"31,066,586,911.90",,,,,"-32,217,817,915.51",,
410-01-01-,,,,RESERVA LEGAL,,,,,,-3.70,,0.00,,,,0.00,,,,,-3.70,,
410-01-01-01-,,,,RESERVA LEGAL,,,,,,-3.70,,0.00,,,,0.00,,,,,-3.70,,
410-01-01-01-01-,,,,RESERVA LEGAL,,,,,,-3.70,,0.00,,,,0.00,,,,,-3.70,,
410-01-01-01-01-01,,,,,RESERVA LEGAL,,,,,,-3.70,0.00,,,,0.00,,,,,-3.70,,
410-01-02-,,,,RESERVAS ESTATUTARIAS,,,,,,-8.12,,0.00,,,,0.00,,,,,-8.12,,
410-01-02-01-,,,,RESERVAS ESTATUTARIAS,,,,,,-8.12,,0.00,,,,0.00,,,,,-8.12,,
410-01-02-01-01-,,,,RESERVAS ESTATUTARIAS,,,,,,-8.12,,0.00,,,,0.00,,,,,-8.12,,
410-01-02-01-01-01,,,,,RESERVAS ESTATUTARIAS,,,,,,-8.12,0.00,,,,0.00,,,,,-8.12,,
410-01-03-,,,,RESERVAS VOLUNTARIAS,,,,,,"-2,610,004,420.00",,"2,609,999,600.00",,,,"2,609,999,600.00",,,,,"-2,610,004,420.00",,
410-01-03-01-,,,,RESERVAS VOLUNTARIAS,,,,,,"-2,610,004,420.00",,"2,609,999,600.00",,,,"2,609,999,600.00",,,,,"-2,610,004,420.00",,
410-01-03-01-01-,,,,RESERVAS VOLUNTARIAS,,,,,,"-2,610,004,420.00",,"2,609,999,600.00",,,,"2,609,999,600.00",,,,,"-2,610,004,420.00",,
410-01-03-01-01-01,,,,,RESERVAS VOLUNTARIAS,,,,,,"-2,610,004,420.00","2,609,999,600.00",,,,"2,609,999,600.00",,,,,"-2,610,004,420.00",,
410-01-05-,,,,UTILIDADES NO DISTRIBUIDAS,,,,,,"-1,151,226,171.79",,0.00,,,,"28,456,587,311.90",,,,,"-29,607,813,483.69",,
410-01-05-01-,,,,UTILIDADES NO DISTRIBUIDAS,,,,,,"-1,151,226,171.79",,0.00,,,,"28,456,587,311.90",,,,,"-29,607,813,483.69",,
410-01-05-01-01-,,,,UTILIDADES NO DISTRIBUIDAS,,,,,,"-1,151,226,171.79",,0.00,,,,"28,456,587,311.90",,,,,"-29,607,813,483.69",,
410-01-05-01-01-01,,,,,UTILIDADES NO DISTRIBUIDAS,,,,,,"-1,151,226,171.79",0.00,,,,"28,456,587,311.90",,,,,"-29,607,813,483.69",,
411-,,,,UTILIDAD DEL EJERCICIO,,,,,,"-28,456,587,311.90",,"28,456,587,311.90",,,,0.00,,,,,0.00,,
411-01-,,,,UTILIDAD DEL EJERCICIO,,,,,,"-28,456,587,311.90",,"28,456,587,311.90",,,,0.00,,,,,0.00,,
411-01-01-,,,,UTILIDAD DEL EJERCICIO,,,,,,"-28,456,587,311.90",,"28,456,587,311.90",,,,0.00,,,,,0.00,,
411-01-01-01-,,,,UTILIDAD DEL EJERCICIO,,,,,,"-28,456,587,311.90",,"28,456,587,311.90",,,,0.00,,,,,0.00,,
411-01-01-01-01-,,,,UTILIDAD DEL EJERCICIO,,,,,,"-28,456,587,311.90",,"28,456,587,311.90",,,,0.00,,,,,0.00,,
411-01-01-01-01-01,,,,,UTILIDAD DEL EJERCICIO,,,,,,"-28,456,587,311.90","28,456,587,311.90",,,,0.00,,,,,0.00,,
414-,,,,CUENTAS DE ORDEN,,,,,,"-354,719,199,634.66",,"3,921,688,022,104.42",,,,"3,921,552,747,154.30",,,,,"-354,583,924,684.54",,
414-01-,,,,PRIMAS EMITIDAS AL COBRO,,,,,,"-354,719,199,634.66",,"3,921,688,022,104.42",,,,"3,921,552,747,154.30",,,,,"-354,583,924,684.54",,
414-01-01-,,,,PRIMAS EMITIDAS AL COBRO,,,,,,"-354,719,199,634.66",,"3,921,688,022,104.42",,,,"3,921,552,747,154.30",,,,,"-354,583,924,684.54",,
414-01-01-01-,,,,PRIMAS EMITIDAS AL COBRO,,,,,,"-354,719,199,634.66",,"3,921,688,022,104.42",,,,"3,921,552,747,154.30",,,,,"-354,583,924,684.54",,
414-01-01-01-01-,,,,PRIMAS EMITIDAS AL COBRO,,,,,,"-354,719,199,634.66",,"3,921,688,022,104.42",,,,"3,921,552,747,154.30",,,,,"-354,583,924,684.54",,
414-01-01-01-01-01,,,,,PRIMAS EMITIDAS AL COBRO FACULTATIVO,,,,,,"-354,719,199,634.66","3,614,040,524,477.94",,,,"3,613,905,249,527.82",,,,,"-354,583,924,684.54",,
414-01-01-01-01-03,,,,,PRIMAS EMITIDAS AL COBRO CONTRATO,,,,,,0.00,"307,647,497,626.48",,,,"307,647,497,626.48",,,,,0.00,,
501-,,,,PRIMAS,,,,,,0.00,,"86,133,665,728.38",,,,"1,382,525,715,342.57",,,,,"-1,296,392,049,614.19",,
501-01-,,,,NEGOCIOS NACIONALES,,,,,,0.00,,"591,760,008.20",,,,"1,296,983,809,622.39",,,,,"-1,296,392,049,614.19",,
501-01-02-,,,,TRANSPORTE,,,,,,0.00,,0.00,,,,"66,382,365,123.22",,,,,"-66,382,365,123.22",,
501-01-02-01-,,,,TRANSPORTE,,,,,,0.00,,0.00,,,,"66,382,365,123.22",,,,,"-66,382,365,123.22",,
501-01-02-01-01-,,,,TRANSPORTE,,,,,,0.00,,0.00,,,,"66,382,365,123.22",,,,,"-66,382,365,123.22",,
501-01-02-01-01-01,,,,,FACULTATIVO,,,,,,0.00,0.00,,,,"53,934,099,062.06",,,,,"-53,934,099,062.06",,
501-01-02-01-01-03,,,,,CONTRATO,,,,,,0.00,0.00,,,,"12,448,266,061.16",,,,,"-12,448,266,061.16",,
501-01-03-,,,,INCENDIO,,,,,,0.00,,0.00,,,,"422,930,262,130.04",,,,,"-422,930,262,130.04",,
501-01-03-01-,,,,INCENDIO,,,,,,0.00,,0.00,,,,"422,930,262,130.04",,,,,"-422,930,262,130.04",,
501-01-03-01-01-,,,,INCENDIO,,,,,,0.00,,0.00,,,,"422,930,262,130.04",,,,,"-422,930,262,130.04",,
501-01-03-01-01-01,,,,,FACULTATIVO,,,,,,0.00,0.00,,,,"183,236,166,692.26",,,,,"-183,236,166,692.26",,
501-01-03-01-01-03,,,,,CONTRATO,,,,,,0.00,0.00,,,,"239,694,095,437.78",,,,,"-239,694,095,437.78",,
501-01-04-,,,,ACCIDENTES Y DIVERSOS,,,,,,0.00,,"591,760,008.20",,,,"807,518,155,641.54",,,,,"-806,926,395,633.34",,
501-01-04-01-,,,,ACCIDENTES Y DIVERSOS,,,,,,0.00,,"591,760,008.20",,,,"807,518,155,641.54",,,,,"-806,926,395,633.34",,
501-01-04-01-01-,,,,ACCIDENTES Y DIVERSOS,,,,,,0.00,,"591,760,008.20",,,,"807,518,155,641.54",,,,,"-806,926,395,633.34",,
501-01-04-01-01-01,,,,,FACULTATIVO,,,,,,0.00,"324,280,531.09",,,,"472,282,770.40",,,,,"-148,002,239.31",,
501-01-04-01-01-03,,,,,CONTRATO,,,,,,0.00,"267,479,477.11",,,,"721,503,967,150.96",,,,,"-721,236,487,673.85",,
501-01-04-01-01-04,,,,,CONTRATO NO PROPORCIONAL,,,,,,0.00,0.00,,,,"85,541,905,720.18",,,,,"-85,541,905,720.18",,
501-01-05-,,,,FIANZA,,,,,,0.00,,0.00,,,,"153,026,727.59",,,,,"-153,026,727.59",,
501-01-05-01-,,,,FIANZA,,,,,,0.00,,0.00,,,,"153,026,727.59",,,,,"-153,026,727.59",,
501-01-05-01-01-,,,,FIANZA,,,,,,0.00,,0.00,,,,"153,026,727.59",,,,,"-153,026,727.59",,
501-01-05-01-01-03,,,,,CONTRATO,,,,,,0.00,0.00,,,,"153,026,727.59",,,,,"-153,026,727.59",,
501-02-,,,,NEGOCIOS EXTRANJEROS,,,,,,0.00,,"85,541,905,720.18",,,,"85,541,905,720.18",,,,,0.00,,
501-02-04-,,,,ACCIDENTES Y DIVERSOS,,,,,,0.00,,"85,541,905,720.18",,,,"85,541,905,720.18",,,,,0.00,,
501-02-04-01-,,,,ACCIDENTES Y DIVERSOS,,,,,,0.00,,"85,541,905,720.18",,,,"85,541,905,720.18",,,,,0.00,,
501-02-04-01-01-,,,,ACCIDENTES Y DIVERSOS,,,,,,0.00,,"85,541,905,720.18",,,,"85,541,905,720.18",,,,,0.00,,
501-02-04-01-01-04,,,,,CONTRATO NO PROPORCIONAL,,,,,,0.00,"85,541,905,720.18",,,,"85,541,905,720.18",,,,,0.00,,
502-,,,,PRESTACIONES Y SINIESTROS A CARGO DE RETROCESIONARIOS,,,,,,0.00,,0.00,,,,"36,744,696,040.19",,,,,"-36,744,696,040.19",,
502-01-,,,,PRESTACIONES A CARGO DE RETROCESIONARIOS,,,,,,0.00,,0.00,,,,"36,744,696,040.19",,,,,"-36,744,696,040.19",,
502-01-01-,,,,DEL PAIS,,,,,,0.00,,0.00,,,,"36,744,696,040.19",,,,,"-36,744,696,040.19",,
502-01-01-02-,,,,NEGOCIOS NACIONALES,,,,,,0.00,,0.00,,,,"142,879,370.50",,,,,"-142,879,370.50",,
502-01-01-02-01-,,,,TRANSPORTE,,,,,,0.00,,0.00,,,,"142,879,370.50",,,,,"-142,879,370.50",,
502-01-01-02-01-01,,,,,FACULTATIVO,,,,,,0.00,0.00,,,,"142,879,370.50",,,,,"-142,879,370.50",,
502-01-01-03-,,,,INCENDIO,,,,,,0.00,,0.00,,,,"19,904,688,339.17",,,,,"-19,904,688,339.17",,
502-01-01-03-01-,,,,INCENDIO,,,,,,0.00,,0.00,,,,"19,904,688,339.17",,,,,"-19,904,688,339.17",,
502-01-01-03-01-01,,,,,FACULTATIVO,,,,,,0.00,0.00,,,,"19,904,688,339.17",,,,,"-19,904,688,339.17",,
502-01-01-04-,,,,ACCIDENTES Y DIVERSOS,,,,,,0.00,,0.00,,,,"16,697,128,330.52",,,,,"-16,697,128,330.52",,
502-01-01-04-01-,,,,ACCIDENTES Y DIVERSOS,,,,,,0.00,,0.00,,,,"16,697,128,330.52",,,,,"-16,697,128,330.52",,
502-01-01-04-01-01,,,,,FACULTATIVO,,,,,,0.00,0.00,,,,"16,697,128,330.52",,,,,"-16,697,128,330.52",,
503-,,,,GASTOS OPERACIONALES REEMBOLSADOS POR RETROCESONARIOS,,,,,,0.00,,"188,077,702.56",,,,"319,856,521,387.89",,,,,"-319,668,443,685.33",,
503-01-,,,,DEL PAIS,,,,,,0.00,,"188,077,702.56",,,,"319,856,521,387.89",,,,,"-319,668,443,685.33",,
503-01-01-,,,,NEGOCIOS NACIONALES,,,,,,0.00,,"188,077,702.56",,,,"319,856,521,387.89",,,,,"-319,668,443,685.33",,
503-01-01-02-,,,,TRANSPORTE,,,,,,0.00,,"34,164,499.76",,,,"17,225,046,035.06",,,,,"-17,190,881,535.30",,
503-01-01-02-02-,,,,Comisiones,,,,,,0.00,,"34,164,499.76",,,,"16,282,014,888.21",,,,,"-16,247,850,388.45",,
503-01-01-02-02-01,,,,,Comisiones,,,,,,0.00,"34,164,499.76",,,,"16,282,014,888.21",,,,,"-16,247,850,388.45",,
503-01-01-02-04-,,,,IMPUESTOS,,,,,,0.00,,0.00,,,,"943,031,146.85",,,,,"-943,031,146.85",,
503-01-01-02-04-01,,,,,IMPUESTOS,,,,,,0.00,0.00,,,,"943,031,146.85",,,,,"-943,031,146.85",,
503-01-01-03-,,,,INCENDIO,,,,,,0.00,,"8,455,997.14",,,,"112,288,219,094.91",,,,,"-112,279,763,097.77",,
503-01-01-03-02-,,,,COMISIONES,,,,,,0.00,,"8,455,997.14",,,,"106,688,828,715.42",,,,,"-106,680,372,718.28",,
503-01-01-03-02-01,,,,,COMISIONES,,,,,,0.00,"8,455,997.14",,,,"106,688,828,715.42",,,,,"-106,680,372,718.28",,
503-01-01-03-04-,,,,IMPUESTOS,,,,,,0.00,,0.00,,,,"5,599,390,379.49",,,,,"-5,599,390,379.49",,
503-01-01-03-04-01,,,,,IMPUESTOS,,,,,,0.00,0.00,,,,"5,599,390,379.49",,,,,"-5,599,390,379.49",,
503-01-01-04-,,,,ACCIDENTES Y DIVERSOS,,,,,,0.00,,"145,457,205.66",,,,"190,343,256,257.92",,,,,"-190,197,799,052.26",,
503-01-01-04-02-,,,,COMISIONES,,,,,,0.00,,"138,246,193.90",,,,"179,675,843,428.90",,,,,"-179,537,597,235.00",,
503-01-01-04-02-01,,,,,COMISIONES,,,,,,0.00,"138,246,193.90",,,,"179,675,843,428.90",,,,,"-179,537,597,235.00",,
503-01-01-04-04-,,,,IMPUESTOS,,,,,,0.00,,"7,211,011.76",,,,"10,667,412,829.02",,,,,"-10,660,201,817.26",,
503-01-01-04-04-01,,,,,IMPUESTOS,,,,,,0.00,"7,211,011.76",,,,"10,667,412,829.02",,,,,"-10,660,201,817.26",,
506-,,,,RESERVAS DE PRIMAS,,,,,,0.00,,"751,221,368,430.33",,,,"925,061,999,579.86",,,,,"-173,840,631,149.53",,
506-01-,,,,NEGOCIOS NACIONALES,,,,,,0.00,,"751,221,368,430.33",,,,"925,061,999,579.86",,,,,"-173,840,631,149.53",,
506-01-02-,,,,TRANSPORTE,,,,,,0.00,,"15,112,244,612.02",,,,"28,208,688,432.15",,,,,"-13,096,443,820.13",,
506-01-02-01-,,,,TRANSPORTE,,,,,,0.00,,"15,112,244,612.02",,,,"28,208,688,432.15",,,,,"-13,096,443,820.13",,
506-01-02-01-01-,,,,TRANSPORTE,,,,,,0.00,,"15,112,244,612.02",,,,"28,208,688,432.15",,,,,"-13,096,443,820.13",,
506-01-02-01-01-01,,,,,FACULTATIVO,,,,,,0.00,"13,915,546,361.12",,,,"25,922,323,088.63",,,,,"-12,006,776,727.51",,
506-01-02-01-01-03,,,,,CONTRATO,,,,,,0.00,"1,196,698,250.90",,,,"2,286,365,343.52",,,,,"-1,089,667,092.62",,
506-01-03-,,,,INCENDIO,,,,,,0.00,,"543,166,807,855.64",,,,"589,227,623,241.77",,,,,"-46,060,815,386.13",,
506-01-03-01-,,,,INCENDIO,,,,,,0.00,,"543,166,807,855.64",,,,"589,227,623,241.77",,,,,"-46,060,815,386.13",,
506-01-03-01-01-,,,,INCENDIO,,,,,,0.00,,"543,166,807,855.64",,,,"589,227,623,241.77",,,,,"-46,060,815,386.13",,
506-01-03-01-01-01,,,,,FACULTATIVO,,,,,,0.00,"480,214,331,979.61",,,,"486,285,212,860.64",,,,,"-6,070,880,881.03",,
506-01-03-01-01-03,,,,,CONTRATO,,,,,,0.00,"62,952,475,876.03",,,,"102,942,410,381.13",,,,,"-39,989,934,505.10",,
506-01-04-,,,,ACCIDENTES Y DIVERSOS,,,,,,0.00,,"184,315,520,284.08",,,,"298,998,892,227.35",,,,,"-114,683,371,943.27",,
506-01-04-01-,,,,ACCIDENTES Y DIVERSOS,,,,,,0.00,,"184,315,520,284.08",,,,"298,998,892,227.35",,,,,"-114,683,371,943.27",,
506-01-04-01-01-,,,,ACCIDENTES Y DIVERSOS,,,,,,0.00,,"184,315,520,284.08",,,,"298,998,892,227.35",,,,,"-114,683,371,943.27",,
506-01-04-01-01-01,,,,,FACULTATIVO,,,,,,0.00,"20,368,009,567.21",,,,"20,368,009,567.21",,,,,0.00,,
506-01-04-01-01-03,,,,,CONTRATO,,,,,,0.00,"163,947,510,716.87",,,,"278,630,882,660.14",,,,,"-114,683,371,943.27",,
506-01-05-,,,,FIANZA,,,,,,0.00,,"8,626,795,678.59",,,,"8,626,795,678.59",,,,,0.00,,
506-01-05-01-,,,,FIANZA,,,,,,0.00,,"8,626,795,678.59",,,,"8,626,795,678.59",,,,,0.00,,
506-01-05-01-01-,,,,FIANZA,,,,,,0.00,,"8,626,795,678.59",,,,"8,626,795,678.59",,,,,0.00,,
506-01-05-01-01-01,,,,,FACULTATIVO,,,,,,0.00,"8,626,795,678.59",,,,"8,626,795,678.59",,,,,0.00,,
507-,,,,RESERVAS PARA PRESTACIONES Y SINIESTROS PENDIENTES,,,,,,0.00,,"16,395,130,794.74",,,,"42,924,027,884.70",,,,,"-26,528,897,089.96",,
507-01-,,,,NEGOCIOS NACIONALES,,,,,,0.00,,"16,395,130,794.74",,,,"42,924,027,884.70",,,,,"-26,528,897,089.96",,
507-01-02-,,,,TRANSPORTE,,,,,,0.00,,"1,973,247,143.01",,,,"1,973,247,143.01",,,,,0.00,,
507-01-02-01-,,,,TRANSPORTE,,,,,,0.00,,"1,973,247,143.01",,,,"1,973,247,143.01",,,,,0.00,,
507-01-02-01-01-,,,,TRANSPORTE,,,,,,0.00,,"1,973,247,143.01",,,,"1,973,247,143.01",,,,,0.00,,
507-01-02-01-01-01,,,,,FACULTATIVO,,,,,,0.00,"1,973,247,143.01",,,,"1,973,247,143.01",,,,,0.00,,
507-01-03-,,,,INCENDIO,,,,,,0.00,,"11,617,959,001.07",,,,"38,146,856,091.03",,,,,"-26,528,897,089.96",,
507-01-03-01-,,,,INCENDIO,,,,,,0.00,,"11,617,959,001.07",,,,"38,146,856,091.03",,,,,"-26,528,897,089.96",,
507-01-03-01-01-,,,,INCENDIO,,,,,,0.00,,"11,617,959,001.07",,,,"38,146,856,091.03",,,,,"-26,528,897,089.96",,
507-01-03-01-01-01,,,,,FACULTATIVO,,,,,,0.00,"11,617,959,001.07",,,,"38,146,856,091.03",,,,,"-26,528,897,089.96",,
507-01-04-,,,,ACCIDENTES Y DIVERSOS,,,,,,0.00,,"2,803,924,650.66",,,,"2,803,924,650.66",,,,,0.00,,
507-01-04-01-,,,,ACCIDENTES Y DIVERSOS,,,,,,0.00,,"2,803,924,650.66",,,,"2,803,924,650.66",,,,,0.00,,
507-01-04-01-01-,,,,ACCIDENTES Y DIVERSOS,,,,,,0.00,,"2,803,924,650.66",,,,"2,803,924,650.66",,,,,0.00,,
507-01-04-01-01-01,,,,,FACULTATIVO,,,,,,0.00,"2,803,924,650.66",,,,"2,803,924,650.66",,,,,0.00,,
512-,,,,PRODUCTO DE INVERSIONES,,,,,,0.00,,0.00,,,,"8,801,116.09",,,,,"-8,801,116.09",,
512-01-,,,,INTERESES GANADOS,,,,,,0.00,,0.00,,,,"8,801,116.09",,,,,"-8,801,116.09",,
512-01-01-,,,,INTERESES GANADOS DEPOSITOS BANCARIOS,,,,,,0.00,,0.00,,,,"125,810.33",,,,,"-125,810.33",,
512-01-01-01-,,,,INTERESES GANADOS DEPOSITOS BANCARIOS,,,,,,0.00,,0.00,,,,"125,810.33",,,,,"-125,810.33",,
512-01-01-01-01-,,,,INTERESES GANADOS DEPOSITOS BANCARIOS,,,,,,0.00,,0.00,,,,"125,810.33",,,,,"-125,810.33",,
512-01-01-01-01-01,,,,,INTERESES GANADOS DEPOSITOS BANCARIOS,,,,,,0.00,0.00,,,,"125,810.33",,,,,"-125,810.33",,
512-01-04-,,,,INT VALORES PUBLICOS,,,,,,0.00,,0.00,,,,"8,675,305.76",,,,,"-8,675,305.76",,
512-01-04-01-,,,,INT VALORES PUBLICOS,,,,,,0.00,,0.00,,,,"8,675,305.76",,,,,"-8,675,305.76",,
512-01-04-01-01-,,,,INT VALORES PUBLICOS,,,,,,0.00,,0.00,,,,"8,675,305.76",,,,,"-8,675,305.76",,
512-01-04-01-01-01,,,,,INT VALORES PUBLICOS,,,,,,0.00,0.00,,,,"8,675,305.76",,,,,"-8,675,305.76",,
514-,,,,BENEFICIOS DIVERSOS,,,,,,0.00,,"2,483,872,305,194.24",,,,"6,229,711,278,422.42",,,,,"-3,745,838,973,228.18",,
514-01-,,,,DIFERENCIAS EN CAMBIO,,,,,,0.00,,"1,181,703,713,674.44",,,,"4,897,961,638,451.18",,,,,"-3,716,257,924,776.74",,
514-01-01-,,,,UTILIDAD TECNICA,,,,,,0.00,,"1,087,662,961,763.68",,,,"4,454,366,416,263.55",,,,,"-3,366,703,454,499.87",,
514-01-01-01-,,,,UTILIDAD TECNICA,,,,,,0.00,,"1,087,662,961,763.68",,,,"4,454,366,416,263.55",,,,,"-3,366,703,454,499.87",,
514-01-01-01-01-,,,,UTILIDAD TECNICA,,,,,,0.00,,"1,087,662,961,763.68",,,,"4,454,366,416,263.55",,,,,"-3,366,703,454,499.87",,
514-01-01-01-01-01,,,,,UTILIDAD TECNICA,,,,,,0.00,"20,841,489,325.78",,,,"3,387,544,943,825.65",,,,,"-3,366,703,454,499.87",,
514-01-01-01-01-03,,,,,UTILIDAD TECNICA,,,,,,0.00,"961,031,131,152.30",,,,"961,031,131,152.30",,,,,0.00,,
514-01-01-01-01-04,,,,,UTILIDAD TECNICA,,,,,,0.00,"105,790,341,285.60",,,,"105,790,341,285.60",,,,,0.00,,
514-01-02-,,,,UTILIDAD FINANCIERA,,,,,,0.00,,"94,040,751,910.76",,,,"443,595,222,187.63",,,,,"-349,554,470,276.87",,
514-01-02-01-,,,,UTILIDAD FINANCIERA,,,,,,0.00,,"94,040,751,910.76",,,,"443,595,222,187.63",,,,,"-349,554,470,276.87",,
514-01-02-01-01-,,,,UTILIDAD FINANCIERA,,,,,,0.00,,"94,040,751,910.76",,,,"443,595,222,187.63",,,,,"-349,554,470,276.87",,
514-01-02-01-01-01,,,,,POSICIÓN MONEDA EXTRANJERA,,,,,,0.00,"94,040,751,910.76",,,,"439,085,729,474.69",,,,,"-345,044,977,563.93",,
514-01-02-01-01-02,,,,,DIFERENCIAL CAMBIARIO ADMINISTRATIVO,,,,,,0.00,0.00,,,,"4,509,492,712.94",,,,,"-4,509,492,712.94",,
514-02-,,,,DIFERENCIAS EN COBRANZAS,,,,,,0.00,,"1,302,168,591,519.80",,,,"1,302,169,420,981.62",,,,,"-829,461.82",,
514-02-01-,,,,DIFERENCIAS EN COBRANZAS,,,,,,0.00,,"1,302,168,591,519.80",,,,"1,302,169,420,981.62",,,,,"-829,461.82",,
514-02-01-01-,,,,DIFERENCIAS EN COBRANZAS,,,,,,0.00,,"1,302,168,591,519.80",,,,"1,302,169,420,981.62",,,,,"-829,461.82",,
514-02-01-01-01-,,,,DIFERENCIAS EN COBRANZAS,,,,,,0.00,,"1,302,168,591,519.80",,,,"1,302,169,420,981.62",,,,,"-829,461.82",,
514-02-01-01-01-01,,,,,DIFERENCIAS EN COBRANZAS,,,,,,0.00,"1,302,168,591,519.80",,,,"1,302,169,420,981.62",,,,,"-829,461.82",,
514-04-,,,,INGRESOS POR SERVICIOS,,,,,,0.00,,0.00,,,,"1,928,794,324.70",,,,,"-1,928,794,324.70",,
514-04-01-,,,,INGRESOS POR SERVICIOS,,,,,,0.00,,0.00,,,,"1,928,794,324.70",,,,,"-1,928,794,324.70",,
514-04-01-01-,,,,INGRESOS POR SERVICIOS,,,,,,0.00,,0.00,,,,"1,928,794,324.70",,,,,"-1,928,794,324.70",,
514-04-01-01-01-,,,,INGRESOS POR SERVICIOS,,,,,,0.00,,0.00,,,,"1,928,794,324.70",,,,,"-1,928,794,324.70",,
514-04-01-01-01-01,,,,,INGRESOS POR SERVICIOS,,,,,,0.00,0.00,,,,"1,928,794,324.70",,,,,"-1,928,794,324.70",,
514-05-,,,,OTROS BENEFICIOS,,,,,,0.00,,0.00,,,,"27,651,424,664.92",,,,,"-27,651,424,664.92",,
514-05-01-,,,,OTROS BENEFICIOS,,,,,,0.00,,0.00,,,,"27,651,424,664.92",,,,,"-27,651,424,664.92",,
514-05-01-01-,,,,OTROS BENEFICIOS,,,,,,0.00,,0.00,,,,"27,651,424,664.92",,,,,"-27,651,424,664.92",,
514-05-01-01-01-,,,,OTROS BENEFICIOS,,,,,,0.00,,0.00,,,,"27,651,424,664.92",,,,,"-27,651,424,664.92",,
514-05-01-01-01-01,,,,,OTROS BENEFICIOS,,,,,,0.00,0.00,,,,"27,651,424,664.92",,,,,"-27,651,424,664.92",,
,,,,,,,,,,,,,,,,,,,,,,,
Activo:,,,"497,046,194,232.89",,,,,,Pasivo + Capital:,"-482,220,439,883.15",,Egreso - Ingreso:,,,,,"-14,825,754,349.74",,,,,,
,,,,,,,,,,,,,,,,,,,,,,,
,,,,,,,,,,,,,,,,,,,,,,,
